Date,score_positive,score_neutral,score_negative
2020-01-01,0.09540909740070878,0.15951649801662332,0.7450744102780635
2020-01-02,0.09540909740070878,0.15951649801662332,0.7450744102780635
2020-01-03,0.09540909740070878,0.15951649801662332,0.7450744102780635
2020-01-04,0.09540909740070878,0.15951649801662332,0.7450744102780635
2020-01-05,0.09540909740070878,0.15951649801662332,0.7450744102780635
2020-01-06,0.09540909740070878,0.15951649801662332,0.7450744102780635
2020-01-07,0.19934642400879124,0.2773726685689045,0.52328089510019
2020-01-08,0.3713586789866288,0.16357144465049103,0.4650698322802782
2020-01-09,0.1179401353001594,0.7718053460121155,0.1102545633912086
2020-01-10,0.1179401353001594,0.7718053460121155,0.1102545633912086
2020-01-11,0.1179401353001594,0.7718053460121155,0.1102545633912086
2020-01-12,0.1179401353001594,0.7718053460121155,0.1102545633912086
2020-01-13,0.1179401353001594,0.7718053460121155,0.1102545633912086
2020-01-14,0.21235936786979437,0.14362501427531238,0.6440156340599059
2020-01-15,0.11496721580624575,0.13146259449422354,0.7535701990127563
2020-01-16,0.11496721580624575,0.13146259449422354,0.7535701990127563
2020-01-17,0.11496721580624575,0.13146259449422354,0.7535701990127563
2020-01-18,0.11496721580624575,0.13146259449422354,0.7535701990127563
2020-01-19,0.11496721580624575,0.13146259449422354,0.7535701990127563
2020-01-20,0.11496721580624575,0.13146259449422354,0.7535701990127563
2020-01-21,0.11496721580624575,0.13146259449422354,0.7535701990127563
2020-01-22,0.11496721580624575,0.13146259449422354,0.7535701990127563
2020-01-23,0.11496721580624575,0.13146259449422354,0.7535701990127563
2020-01-24,0.11496721580624575,0.13146259449422354,0.7535701990127563
2020-01-25,0.11496721580624575,0.13146259449422354,0.7535701990127563
2020-01-26,0.11496721580624575,0.13146259449422354,0.7535701990127563
2020-01-27,0.11496721580624575,0.13146259449422354,0.7535701990127563
2020-01-28,0.11496721580624575,0.13146259449422354,0.7535701990127563
2020-01-29,0.19842444327862363,0.22530230086134823,0.5762732478020631
2020-01-30,0.1876053301617503,0.22198829427361488,0.5904063917696476
2020-01-31,0.1876053301617503,0.22198829427361488,0.5904063917696476
2020-02-01,0.20744639215990898,0.22344320919364688,0.5691104205325246
2020-02-02,0.2187583497725427,0.28825174039229745,0.4929899168200791
2020-02-03,0.09498973470181224,0.20935551170259709,0.6956547312438488
2020-02-04,0.0201287828385829,0.1359590590000152,0.8439121842384338
2020-02-05,0.13577822223305697,0.2605855315923691,0.6036362648010254
2020-02-06,0.2822245061397552,0.2139568477869033,0.5038186311721802
2020-02-07,0.2822245061397552,0.2139568477869033,0.5038186311721802
2020-02-08,0.2822245061397552,0.2139568477869033,0.5038186311721802
2020-02-09,0.2822245061397552,0.2139568477869033,0.5038186311721802
2020-02-10,0.2822245061397552,0.2139568477869033,0.5038186311721802
2020-02-11,0.1494130492210388,0.519262969493866,0.3313240110874176
2020-02-12,0.1494130492210388,0.519262969493866,0.3313240110874176
2020-02-13,0.1494130492210388,0.519262969493866,0.3313240110874176
2020-02-14,0.6241258978843689,0.2997014224529266,0.0761726796627044
2020-02-15,0.6241258978843689,0.2997014224529266,0.0761726796627044
2020-02-16,0.6241258978843689,0.2997014224529266,0.0761726796627044
2020-02-17,0.6241258978843689,0.2997014224529266,0.0761726796627044
2020-02-18,0.6241258978843689,0.2997014224529266,0.0761726796627044
2020-02-19,0.6241258978843689,0.2997014224529266,0.0761726796627044
2020-02-20,0.6241258978843689,0.2997014224529266,0.0761726796627044
2020-02-21,0.6241258978843689,0.2997014224529266,0.0761726796627044
2020-02-22,0.6241258978843689,0.2997014224529266,0.0761726796627044
2020-02-23,0.6241258978843689,0.2997014224529266,0.0761726796627044
2020-02-24,0.11423354657987748,0.13594535676141575,0.7498210817575455
2020-02-25,0.16689667907559264,0.2501339646592988,0.5829693560125464
2020-02-26,0.1269326786665866,0.2692183355490366,0.6038489937782288
2020-02-27,0.12575877564959223,0.2817959124222397,0.5924453146755695
2020-02-28,0.09788960926234717,0.1333412133157253,0.7687691807746887
2020-02-29,0.013587549328804,0.0315529294312,0.954859495162964
2020-03-01,0.0872655194252729,0.14045869186520576,0.7722757458686829
2020-03-02,0.3334630827109019,0.37855255603790283,0.28798434635003406
2020-03-03,0.10386008722707625,0.23918420048430558,0.6569557078182697
2020-03-04,0.13344666862531615,0.2554108024739167,0.6111425276626559
2020-03-05,0.1230909149984226,0.29848127505358524,0.578427783706609
2020-03-06,0.19983309986660389,0.3739497081899061,0.4262171941922932
2020-03-07,0.09665663540363306,0.20471617951989168,0.6986271664500237
2020-03-08,0.09091503235201037,0.31362732127308846,0.595457615951697
2020-03-09,0.3137395833618939,0.2703541573137045,0.41590626258403063
2020-03-10,0.148087378591299,0.18126689493656156,0.6706457257270813
2020-03-11,0.021857725456357,0.0463355369865894,0.9318066239356996
2020-03-12,0.021857725456357,0.0463355369865894,0.9318066239356996
2020-03-13,0.34833689685910935,0.23706367313861842,0.41459945254027836
2020-03-14,0.35886748374572813,0.18685841347490034,0.45427412007536205
2020-03-15,0.036655269563198,0.0671571120619773,0.8961876630783081
2020-03-16,0.051590039208531335,0.1272258691489696,0.8211840867996216
2020-03-17,0.23259258270263672,0.2949089209238688,0.47249850630760193
2020-03-18,0.10305514708161352,0.32018463313579554,0.57676020860672
2020-03-19,0.126061727352921,0.3094691812030731,0.5644690938173763
2020-03-20,0.14995209005262167,0.20728524018611225,0.6427626669406891
2020-03-21,0.07543060876338216,0.1985482473562403,0.7260211346352973
2020-03-22,0.17314911595192445,0.2787138732342884,0.5481369998948328
2020-03-23,0.21958873183990013,0.2890757465371366,0.49133552429569366
2020-03-24,0.12486664337389491,0.2764792052785987,0.5986541540807356
2020-03-25,0.11669100495055312,0.44354264065623283,0.4397663512888054
2020-03-26,0.11664136250813796,0.4340637003382047,0.44929494460423786
2020-03-27,0.09364615829492152,0.1704602278204578,0.7358936176945766
2020-03-28,0.10855614466174521,0.20444548548180227,0.6869983603151477
2020-03-29,0.08333258117948254,0.12669100931712554,0.7899764009884426
2020-03-30,0.08333258117948254,0.12669100931712554,0.7899764009884426
2020-03-31,0.08333258117948254,0.12669100931712554,0.7899764009884426
2020-04-01,0.17557454149105717,0.33369608223438263,0.4907293830599104
2020-04-02,0.09264176338911052,0.32912465557456017,0.5782335847616196
2020-04-03,0.09864272171659252,0.26979463336183057,0.631562644309962
2020-04-04,0.22687587334263706,0.3788315725903357,0.3942925619982904
2020-04-05,0.21802799430276662,0.2709267581147807,0.5110452526382037
2020-04-06,0.21802799430276662,0.2709267581147807,0.5110452526382037
2020-04-07,0.3899723589420318,0.5117582678794861,0.098269373178482
2020-04-08,0.1179056018590927,0.1864161938428878,0.6956782341003418
2020-04-09,0.024980979040265,0.054523266851902,0.9204958081245422
2020-04-10,0.024980979040265,0.054523266851902,0.9204958081245422
2020-04-11,0.041382011026144,0.0762823373079299,0.8823356628417969
2020-04-12,0.041382011026144,0.0762823373079299,0.8823356628417969
2020-04-13,0.7031721484661102,0.1868786576390266,0.10994919322431082
2020-04-14,0.27405350200004047,0.32816561021738583,0.3977808910939429
2020-04-15,0.8407619595527649,0.11075050011277196,0.0484875869005918
2020-04-16,0.4965921925271259,0.2909635215559426,0.21244428054813075
2020-04-17,0.23696892646451792,0.22392040491104123,0.5391106754541397
2020-04-18,0.18532405772174776,0.22083186200604984,0.5938440847855347
2020-04-19,0.3932758271694183,0.3883015215396881,0.2184226512908935
2020-04-20,0.3197751939296722,0.4547632336616516,0.2254616320133209
2020-04-21,0.6997959017753601,0.1535955518484115,0.1466085761785507
2020-04-22,0.6997959017753601,0.1535955518484115,0.1466085761785507
2020-04-23,0.6997959017753601,0.1535955518484115,0.1466085761785507
2020-04-24,0.6997959017753601,0.1535955518484115,0.1466085761785507
2020-04-25,0.6997959017753601,0.1535955518484115,0.1466085761785507
2020-04-26,0.6997959017753601,0.1535955518484115,0.1466085761785507
2020-04-27,0.6997959017753601,0.1535955518484115,0.1466085761785507
2020-04-28,0.6997959017753601,0.1535955518484115,0.1466085761785507
2020-04-29,0.6997959017753601,0.1535955518484115,0.1466085761785507
2020-04-30,0.6997959017753601,0.1535955518484115,0.1466085761785507
2020-05-01,0.6997959017753601,0.1535955518484115,0.1466085761785507
2020-05-02,0.6997959017753601,0.1535955518484115,0.1466085761785507
2020-05-03,0.6997959017753601,0.1535955518484115,0.1466085761785507
2020-05-04,0.6997959017753601,0.1535955518484115,0.1466085761785507
2020-05-05,0.6997959017753601,0.1535955518484115,0.1466085761785507
2020-05-06,0.0280258543789386,0.0555940717458725,0.9163800477981568
2020-05-07,0.1289756322900454,0.5657429707547029,0.3052813907464345
2020-05-08,0.1289756322900454,0.5657429707547029,0.3052813907464345
2020-05-09,0.1289756322900454,0.5657429707547029,0.3052813907464345
2020-05-10,0.1870950311422348,0.3272944092750549,0.4856105148792267
2020-05-11,0.0973017439246177,0.7344954013824463,0.1682028770446777
2020-05-12,0.0973017439246177,0.7344954013824463,0.1682028770446777
2020-05-13,0.11281478467086947,0.18597972268859544,0.7012054920196533
2020-05-14,0.1013746410608291,0.2838947474956512,0.6147306561470032
2020-05-15,0.1013746410608291,0.2838947474956512,0.6147306561470032
2020-05-16,0.1013746410608291,0.2838947474956512,0.6147306561470032
2020-05-17,0.1013746410608291,0.2838947474956512,0.6147306561470032
2020-05-18,0.1013746410608291,0.2838947474956512,0.6147306561470032
2020-05-19,0.1013746410608291,0.2838947474956512,0.6147306561470032
2020-05-20,0.1013746410608291,0.2838947474956512,0.6147306561470032
2020-05-21,0.1013746410608291,0.2838947474956512,0.6147306561470032
2020-05-22,0.1013746410608291,0.2838947474956512,0.6147306561470032
2020-05-23,0.1013746410608291,0.2838947474956512,0.6147306561470032
2020-05-24,0.13037362730219246,0.2113928977577459,0.6582334742896141
2020-05-25,0.12370822959820978,0.23870437468091643,0.6375873905641062
2020-05-26,0.19444752577692268,0.29594210162758827,0.5096103716641665
2020-05-27,0.16923308745026586,0.21101641794666645,0.6197505028297504
2020-05-28,0.03627712279558177,0.25285014013449353,0.7108727196852366
2020-05-29,0.15030293729394037,0.2243095699776994,0.6253874967706964
2020-05-30,0.09444984549745204,0.20661759358786397,0.6989325639747438
2020-05-31,0.29379770066589117,0.20757161825895307,0.49863067517677945
2020-06-01,0.0152979427948594,0.0723897591233253,0.9123122692108154
2020-06-02,0.0152979427948594,0.0723897591233253,0.9123122692108154
2020-06-03,0.0755521381894747,0.15218532457947725,0.7722625136375427
2020-06-04,0.0898440405726432,0.8478853702545166,0.062270563095808
2020-06-05,0.7888772487640381,0.1584704220294952,0.0526523627340793
2020-06-06,0.1928995065391063,0.5687602311372757,0.23834026604890818
2020-06-07,0.1928995065391063,0.5687602311372757,0.23834026604890818
2020-06-08,0.1928995065391063,0.5687602311372757,0.23834026604890818
2020-06-09,0.1928995065391063,0.5687602311372757,0.23834026604890818
2020-06-10,0.1928995065391063,0.5687602311372757,0.23834026604890818
2020-06-11,0.1928995065391063,0.5687602311372757,0.23834026604890818
2020-06-12,0.1928995065391063,0.5687602311372757,0.23834026604890818
2020-06-13,0.45721193403005594,0.485244482755661,0.05754353851079935
2020-06-14,0.45721193403005594,0.485244482755661,0.05754353851079935
2020-06-15,0.45721193403005594,0.485244482755661,0.05754353851079935
2020-06-16,0.45721193403005594,0.485244482755661,0.05754353851079935
2020-06-17,0.45721193403005594,0.485244482755661,0.05754353851079935
2020-06-18,0.45721193403005594,0.485244482755661,0.05754353851079935
2020-06-19,0.6956409811973572,0.1696636974811554,0.134695291519165
2020-06-20,0.6956409811973572,0.1696636974811554,0.134695291519165
2020-06-21,0.6956409811973572,0.1696636974811554,0.134695291519165
2020-06-22,0.6956409811973572,0.1696636974811554,0.134695291519165
2020-06-23,0.6956409811973572,0.1696636974811554,0.134695291519165
2020-06-24,0.6956409811973572,0.1696636974811554,0.134695291519165
2020-06-25,0.6956409811973572,0.1696636974811554,0.134695291519165
2020-06-26,0.6956409811973572,0.1696636974811554,0.134695291519165
2020-06-27,0.6956409811973572,0.1696636974811554,0.134695291519165
2020-06-28,0.6956409811973572,0.1696636974811554,0.134695291519165
2020-06-29,0.6956409811973572,0.1696636974811554,0.134695291519165
2020-06-30,0.147022005904353,0.27976084015134606,0.5732171609433312
2020-07-01,0.18586746272113583,0.20991944852802483,0.6042130986849467
2020-07-02,0.3532930078605811,0.17664738247791922,0.4700595811009407
2020-07-03,0.3532930078605811,0.17664738247791922,0.4700595811009407
2020-07-04,0.3532930078605811,0.17664738247791922,0.4700595811009407
2020-07-05,0.3532930078605811,0.17664738247791922,0.4700595811009407
2020-07-06,0.3532930078605811,0.17664738247791922,0.4700595811009407
2020-07-07,0.3532930078605811,0.17664738247791922,0.4700595811009407
2020-07-08,0.3532930078605811,0.17664738247791922,0.4700595811009407
2020-07-09,0.3532930078605811,0.17664738247791922,0.4700595811009407
2020-07-10,0.3532930078605811,0.17664738247791922,0.4700595811009407
2020-07-11,0.3532930078605811,0.17664738247791922,0.4700595811009407
2020-07-12,0.3532930078605811,0.17664738247791922,0.4700595811009407
2020-07-13,0.3532930078605811,0.17664738247791922,0.4700595811009407
2020-07-14,0.3532930078605811,0.17664738247791922,0.4700595811009407
2020-07-15,0.3532930078605811,0.17664738247791922,0.4700595811009407
2020-07-16,0.3532930078605811,0.17664738247791922,0.4700595811009407
2020-07-17,0.3532930078605811,0.17664738247791922,0.4700595811009407
2020-07-18,0.3532930078605811,0.17664738247791922,0.4700595811009407
2020-07-19,0.3532930078605811,0.17664738247791922,0.4700595811009407
2020-07-20,0.3532930078605811,0.17664738247791922,0.4700595811009407
2020-07-21,0.3532930078605811,0.17664738247791922,0.4700595811009407
2020-07-22,0.3532930078605811,0.17664738247791922,0.4700595811009407
2020-07-23,0.3532930078605811,0.17664738247791922,0.4700595811009407
2020-07-24,0.3532930078605811,0.17664738247791922,0.4700595811009407
2020-07-25,0.3532930078605811,0.17664738247791922,0.4700595811009407
2020-07-26,0.3532930078605811,0.17664738247791922,0.4700595811009407
2020-07-27,0.3532930078605811,0.17664738247791922,0.4700595811009407
2020-07-28,0.3532930078605811,0.17664738247791922,0.4700595811009407
2020-07-29,0.3532930078605811,0.17664738247791922,0.4700595811009407
2020-07-30,0.3532930078605811,0.17664738247791922,0.4700595811009407
2020-07-31,0.3532930078605811,0.17664738247791922,0.4700595811009407
2020-08-01,0.3532930078605811,0.17664738247791922,0.4700595811009407
2020-08-02,0.3532930078605811,0.17664738247791922,0.4700595811009407
2020-08-03,0.3532930078605811,0.17664738247791922,0.4700595811009407
2020-08-04,0.32579383517482446,0.22985368088952127,0.4443524815408247
2020-08-05,0.4529258754281771,0.21894658392383934,0.32812752415026936
2020-08-06,0.41636305302381516,0.2929479442536831,0.29068901948630804
2020-08-07,0.4823144823312759,0.2921499386429786,0.2255355715751648
2020-08-08,0.4823144823312759,0.2921499386429786,0.2255355715751648
2020-08-09,0.4823144823312759,0.2921499386429786,0.2255355715751648
2020-08-10,0.4823144823312759,0.2921499386429786,0.2255355715751648
2020-08-11,0.4823144823312759,0.2921499386429786,0.2255355715751648
2020-08-12,0.17171191610395906,0.6062964498996735,0.22199159674346444
2020-08-13,0.11434083692729469,0.3050060644745826,0.5806531131267547
2020-08-14,0.12399973786052533,0.3552955612540245,0.5207046910243875
2020-08-15,0.08543730620294804,0.1441768892109394,0.7703858315944672
2020-08-16,0.08543730620294804,0.1441768892109394,0.7703858315944672
2020-08-17,0.08543730620294804,0.1441768892109394,0.7703858315944672
2020-08-18,0.08543730620294804,0.1441768892109394,0.7703858315944672
2020-08-19,0.08543730620294804,0.1441768892109394,0.7703858315944672
2020-08-20,0.08543730620294804,0.1441768892109394,0.7703858315944672
2020-08-21,0.08543730620294804,0.1441768892109394,0.7703858315944672
2020-08-22,0.08543730620294804,0.1441768892109394,0.7703858315944672
2020-08-23,0.08543730620294804,0.1441768892109394,0.7703858315944672
2020-08-24,0.08543730620294804,0.1441768892109394,0.7703858315944672
2020-08-25,0.08543730620294804,0.1441768892109394,0.7703858315944672
2020-08-26,0.44123944480504307,0.2083058389169829,0.3504547255911997
2020-08-27,0.6681803464889526,0.22874395549297324,0.10307567318280532
2020-08-28,0.6681803464889526,0.22874395549297324,0.10307567318280532
2020-08-29,0.0155466562137007,0.0653740763664245,0.9190793037414552
2020-08-30,0.0155466562137007,0.0653740763664245,0.9190793037414552
2020-08-31,0.0725174099206924,0.1140866354107856,0.8133959770202637
2020-09-01,0.14066596428352976,0.25210713060392487,0.6072269144558138
2020-09-02,0.11554190097376701,0.2354436935856938,0.6490144161507487
2020-09-03,0.140447137877345,0.26286900788545603,0.5966838747262955
2020-09-04,0.14799335896968838,0.2643523931503296,0.5876542329788208
2020-09-05,0.12212445884943006,0.29830076843500136,0.5795747965574265
2020-09-06,0.0701222419738769,0.1650325506925583,0.7648451924324036
2020-09-07,0.0701222419738769,0.1650325506925583,0.7648451924324036
2020-09-08,0.2146731466054916,0.2764936983585357,0.508833110332489
2020-09-09,0.0174906682223081,0.0647492185235023,0.9177600741386414
2020-09-10,0.012175029143691,0.0341142527759075,0.9537106156349182
2020-09-11,0.09705094713717695,0.1583529822528362,0.7445960640907288
2020-09-12,0.12467119159797824,0.37464318176110584,0.5006856222947439
2020-09-13,0.2481314688920974,0.325011670589447,0.4268568456172943
2020-09-14,0.2481314688920974,0.325011670589447,0.4268568456172943
2020-09-15,0.2481314688920974,0.325011670589447,0.4268568456172943
2020-09-16,0.43897767215967176,0.40557359978556634,0.15544873923063274
2020-09-17,0.7029776692390441,0.1849673345685005,0.11205499097704882
2020-09-18,0.3022735118865967,0.3853724896907806,0.3123539984226227
2020-09-19,0.5306119918823242,0.3797215241938829,0.0896665090695023
2020-09-20,0.5306119918823242,0.3797215241938829,0.0896665090695023
2020-09-21,0.2815837939935071,0.40129645434873445,0.31711975431868006
2020-09-22,0.2815837939935071,0.40129645434873445,0.31711975431868006
2020-09-23,0.16615066739420092,0.25472457624144024,0.5791247636079788
2020-09-24,0.14113552522446424,0.19729370623826975,0.6615707586918559
2020-09-25,0.19043939188122747,0.3240032782778144,0.4855573549866676
2020-09-26,0.11207256163470444,0.24670343520119783,0.6412239884957671
2020-09-27,0.11532424303392565,0.18979791800181067,0.6948778410752614
2020-09-28,0.25648397952318186,0.5276170372962952,0.21589902788400644
2020-09-29,0.14178784936666486,0.3778445912258966,0.48036753279822214
2020-09-30,0.4032419845461845,0.17516559362411493,0.4215924348682165
2020-10-01,0.0691379457712173,0.2016191631555557,0.7292429208755493
2020-10-02,0.14864448007316355,0.3113157857329615,0.5400397342539602
2020-10-03,0.1506503840727317,0.23826598251859346,0.6110836380264826
2020-10-04,0.13612507449256045,0.21795967448916698,0.6459152317709393
2020-10-05,0.1365110302964846,0.34135005871454877,0.5221389333407084
2020-10-06,0.1076898910105228,0.24425176779429117,0.6480583349863688
2020-10-07,0.1231655993809302,0.3555014183123906,0.5213329916199049
2020-10-08,0.09328348301351064,0.26374453902244566,0.6429719686508178
2020-10-09,0.20022006829579667,0.466563602288564,0.3332163045803706
2020-10-10,0.11632824083790178,0.18196829035878176,0.7017034888267517
2020-10-11,0.253563642501831,0.4121091961860657,0.3343271017074585
2020-10-12,0.093944564461708,0.1911857277154922,0.7148697972297668
2020-10-13,0.093944564461708,0.1911857277154922,0.7148697972297668
2020-10-14,0.0474079698324203,0.6673437356948853,0.2852483093738556
2020-10-15,0.1086945086717605,0.2323381453752517,0.6589673757553101
2020-10-16,0.0803481191396713,0.1533262878656387,0.7663256525993347
2020-10-17,0.0803481191396713,0.1533262878656387,0.7663256525993347
2020-10-18,0.3547416925430298,0.3908304572105407,0.2544278502464294
2020-10-19,0.22278790548443794,0.35919459802763803,0.41801747573273523
2020-10-20,0.2520933374762535,0.36444686353206635,0.38345979154109955
2020-10-21,0.20793376117944712,0.5395983457565308,0.2524679005146026
2020-10-22,0.1248690183071986,0.24886857621047803,0.6262623986256295
2020-10-23,0.1248690183071986,0.24886857621047803,0.6262623986256295
2020-10-24,0.1248690183071986,0.24886857621047803,0.6262623986256295
2020-10-25,0.1248690183071986,0.24886857621047803,0.6262623986256295
2020-10-26,0.1248690183071986,0.24886857621047803,0.6262623986256295
2020-10-27,0.1248690183071986,0.24886857621047803,0.6262623986256295
2020-10-28,0.0528386831283569,0.8332074284553528,0.1139539256691932
2020-10-29,0.0528386831283569,0.8332074284553528,0.1139539256691932
2020-10-30,0.0528386831283569,0.8332074284553528,0.1139539256691932
2020-10-31,0.0528386831283569,0.8332074284553528,0.1139539256691932
2020-11-01,0.11525787899477609,0.270721107100447,0.6140210123525726
2020-11-02,0.13600916963898468,0.2706588322503699,0.5933319992489285
2020-11-03,0.14908459223806855,0.2336011243363221,0.617314278251595
2020-11-04,0.24853993693421425,0.33631040780421567,0.4151496570009519
2020-11-05,0.40028301626443863,0.3946412727236748,0.20507568866014475
2020-11-06,0.17405037892361475,0.2979665237168471,0.5279831010848284
2020-11-07,0.15810005739331243,0.4301314726471901,0.41176844760775566
2020-11-08,0.3521372551719348,0.33251454929510754,0.31534818311532337
2020-11-09,0.8292167016438076,0.12680932666574202,0.04397399084908617
2020-11-10,0.7628449216998857,0.15804939633556478,0.0791056862357875
2020-11-11,0.6306053365652378,0.1920258121994825,0.1773688591157014
2020-11-12,0.7315620183944702,0.1597253531217575,0.1087126433849334
2020-11-13,0.7315620183944702,0.1597253531217575,0.1087126433849334
2020-11-14,0.06603414826095097,0.20271651074290276,0.7312493622303009
2020-11-15,0.0134492656216025,0.0350334197282791,0.9515172839164734
2020-11-16,0.1603093658603968,0.2742765625157663,0.565414063392147
2020-11-17,0.15320725925266737,0.29315109252929683,0.553641626238823
2020-11-18,0.0325437895953655,0.0876980498433113,0.8797581791877747
2020-11-19,0.13173894044992165,0.31072275556231793,0.5575382960470099
2020-11-20,0.21379350423812862,0.3732945889234543,0.4129119127988815
2020-11-21,0.11250326658288634,0.25163165479898447,0.6358650724093119
2020-11-22,0.17019076645374295,0.33322552059377936,0.4965837172099522
2020-11-23,0.09082314930856225,0.439733549952507,0.46944327652454376
2020-11-24,0.4186952644959092,0.0855633560568094,0.49574138596653927
2020-11-25,0.4186952644959092,0.0855633560568094,0.49574138596653927
2020-11-26,0.4186952644959092,0.0855633560568094,0.49574138596653927
2020-11-27,0.18796745028633335,0.29544531668608004,0.5165872275829315
2020-11-28,0.15605716302525247,0.318513473495841,0.5254293708130717
2020-11-29,0.20022924663498995,0.3991357572376728,0.40063499193638563
2020-11-30,0.1219333923337134,0.25328122384168883,0.6247853755273602
2020-12-01,0.11081112502142783,0.3436018340289593,0.5455870420361558
2020-12-02,0.11081112502142783,0.3436018340289593,0.5455870420361558
2020-12-03,0.12598972767591476,0.5518552958965302,0.32215501368045807
2020-12-04,0.19790243878960603,0.3448972632487615,0.45720028728246687
2020-12-05,0.178630530834198,0.2994986176490783,0.5218709111213684
2020-12-06,0.178630530834198,0.2994986176490783,0.5218709111213684
2020-12-07,0.16468980908393854,0.4799216687679291,0.3553885221481323
2020-12-08,0.1757859736680984,0.5813820362091064,0.2428319603204727
2020-12-09,0.1757859736680984,0.5813820362091064,0.2428319603204727
2020-12-10,0.1757859736680984,0.5813820362091064,0.2428319603204727
2020-12-11,0.1757859736680984,0.5813820362091064,0.2428319603204727
2020-12-12,0.1757859736680984,0.5813820362091064,0.2428319603204727
2020-12-13,0.1785743236541748,0.6127256155014038,0.2087001353502273
2020-12-14,0.1785743236541748,0.6127256155014038,0.2087001353502273
2020-12-15,0.1785743236541748,0.6127256155014038,0.2087001353502273
2020-12-16,0.1785743236541748,0.6127256155014038,0.2087001353502273
2020-12-17,0.1785743236541748,0.6127256155014038,0.2087001353502273
2020-12-18,0.1785743236541748,0.6127256155014038,0.2087001353502273
2020-12-19,0.0455282442271709,0.6756503582000732,0.2788213491439819
2020-12-20,0.0455282442271709,0.6756503582000732,0.2788213491439819
2020-12-21,0.0455282442271709,0.6756503582000732,0.2788213491439819
2020-12-22,0.0455282442271709,0.6756503582000732,0.2788213491439819
2020-12-23,0.0455282442271709,0.6756503582000732,0.2788213491439819
2020-12-24,0.0455282442271709,0.6756503582000732,0.2788213491439819
2020-12-25,0.0455282442271709,0.6756503582000732,0.2788213491439819
2020-12-26,0.0455282442271709,0.6756503582000732,0.2788213491439819
2020-12-27,0.0455282442271709,0.6756503582000732,0.2788213491439819
2020-12-28,0.0455282442271709,0.6756503582000732,0.2788213491439819
2020-12-29,0.0455282442271709,0.6756503582000732,0.2788213491439819
2020-12-30,0.0455282442271709,0.6756503582000732,0.2788213491439819
2020-12-31,0.25046403007581824,0.3389064006507397,0.4106295766308904
2021-01-01,0.13031124789267776,0.17851153202354905,0.6911772042512894
2021-01-02,0.16814133028189335,0.23522164920965824,0.5966370105743408
2021-01-03,0.0267614871263504,0.1094704493880271,0.8637680411338806
2021-01-04,0.0267614871263504,0.1094704493880271,0.8637680411338806
2021-01-05,0.0267614871263504,0.1094704493880271,0.8637680411338806
2021-01-06,0.0267614871263504,0.1094704493880271,0.8637680411338806
2021-01-07,0.0267614871263504,0.1094704493880271,0.8637680411338806
2021-01-08,0.0267614871263504,0.1094704493880271,0.8637680411338806
2021-01-09,0.0267614871263504,0.1094704493880271,0.8637680411338806
2021-01-10,0.0267614871263504,0.1094704493880271,0.8637680411338806
2021-01-11,0.0267614871263504,0.1094704493880271,0.8637680411338806
2021-01-12,0.15950606763362882,0.30881733695665997,0.5316765904426575
2021-01-13,0.1763234883546829,0.3198519051074981,0.5038245320320129
2021-01-14,0.1763234883546829,0.3198519051074981,0.5038245320320129
2021-01-15,0.1763234883546829,0.3198519051074981,0.5038245320320129
2021-01-16,0.1763234883546829,0.3198519051074981,0.5038245320320129
2021-01-17,0.1763234883546829,0.3198519051074981,0.5038245320320129
2021-01-18,0.1763234883546829,0.3198519051074981,0.5038245320320129
2021-01-19,0.1763234883546829,0.3198519051074981,0.5038245320320129
2021-01-20,0.1763234883546829,0.3198519051074981,0.5038245320320129
2021-01-21,0.1763234883546829,0.3198519051074981,0.5038245320320129
2021-01-22,0.1763234883546829,0.3198519051074981,0.5038245320320129
2021-01-23,0.20221712272614237,0.33304029926657674,0.4647425748407841
2021-01-24,0.2835349358618259,0.23616981208324428,0.48029524125158785
2021-01-25,0.0299911275506019,0.1124609932303428,0.8575478792190552
2021-01-26,0.02326343767344945,0.08378749899566165,0.8929490745067596
2021-01-27,0.017346478998661,0.0533983297646045,0.9292551279067992
2021-01-28,0.017346478998661,0.0533983297646045,0.9292551279067992
2021-01-29,0.22770763125637883,0.30176380376370854,0.47052856440275487
2021-01-30,0.23589107885279434,0.2958361401476643,0.4682727794755589
2021-01-31,0.2524259984493255,0.5519980788230896,0.195575937628746
2021-02-01,0.4021306335926056,0.4810811877250671,0.1167881339788436
2021-02-02,0.3282822812622299,0.2522428596050155,0.41947485460918776
2021-02-03,0.27854758818798203,0.2108814948621918,0.5105709109236213
2021-02-04,0.27854758818798203,0.2108814948621918,0.5105709109236213
2021-02-05,0.0157178714871406,0.0536846108734607,0.9305975437164308
2021-02-06,0.3092089686542749,0.2185433506965637,0.4722477197647095
2021-02-07,0.3092089686542749,0.2185433506965637,0.4722477197647095
2021-02-08,0.3092089686542749,0.2185433506965637,0.4722477197647095
2021-02-09,0.3092089686542749,0.2185433506965637,0.4722477197647095
2021-02-10,0.3092089686542749,0.2185433506965637,0.4722477197647095
2021-02-11,0.25441896961238536,0.31882172193927844,0.42675931599052225
2021-02-12,0.23580405099148097,0.26343908905982966,0.500756866552613
2021-02-13,0.10703273473138154,0.21396231143312017,0.6790049482475627
2021-02-14,0.20792977242834035,0.2914679915540748,0.5006022204955419
2021-02-15,0.20792977242834035,0.2914679915540748,0.5006022204955419
2021-02-16,0.20792977242834035,0.2914679915540748,0.5006022204955419
2021-02-17,0.7102254708607991,0.14855627169211702,0.14121826638778046
2021-02-18,0.7392382261253172,0.16049101642302926,0.10027075093239542
2021-02-19,0.12697467386280575,0.2428678070210804,0.6301575199527255
2021-02-20,0.11671708779115421,0.242765223313319,0.6405176834056252
2021-02-21,0.2059171115132895,0.2740674384615638,0.5200154517184604
2021-02-22,0.1729103193751403,0.2974201174718993,0.5296695615564073
2021-02-23,0.0292862839996814,0.2072622925043106,0.7634513974189758
2021-02-24,0.0780855342745781,0.1578530818223953,0.7640613317489624
2021-02-25,0.30214823037385935,0.19634745270013804,0.5015043020248413
2021-02-26,0.24720566471417746,0.3860778212547302,0.36671651403109234
2021-02-27,0.1202756334096193,0.2889029392972588,0.5908214226365089
2021-02-28,0.0924093370325863,0.20296818614006037,0.7046224877238274
2021-03-01,0.12281452771276231,0.2874699318781495,0.5897155571728945
2021-03-02,0.11250505130738014,0.2729113278910517,0.6145836673676968
2021-03-03,0.29239270091056824,0.41451434791088104,0.2930929362773895
2021-03-04,0.29239270091056824,0.41451434791088104,0.2930929362773895
2021-03-05,0.29239270091056824,0.41451434791088104,0.2930929362773895
2021-03-06,0.29239270091056824,0.41451434791088104,0.2930929362773895
2021-03-07,0.29239270091056824,0.41451434791088104,0.2930929362773895
2021-03-08,0.29239270091056824,0.41451434791088104,0.2930929362773895
2021-03-09,0.29239270091056824,0.41451434791088104,0.2930929362773895
2021-03-10,0.29239270091056824,0.41451434791088104,0.2930929362773895
2021-03-11,0.1694633066654205,0.6094608902931213,0.2210757881402969
2021-03-12,0.1694633066654205,0.6094608902931213,0.2210757881402969
2021-03-13,0.031028498585025432,0.09797569861014681,0.8709957798322042
2021-03-14,0.031028498585025432,0.09797569861014681,0.8709957798322042
2021-03-15,0.031028498585025432,0.09797569861014681,0.8709957798322042
2021-03-16,0.031028498585025432,0.09797569861014681,0.8709957798322042
2021-03-17,0.26132076978683466,0.364174743493398,0.3745044668515523
2021-03-18,0.1244128113612532,0.29189626500010485,0.5836909413337708
2021-03-19,0.2904008030891418,0.4323349595069885,0.2772642374038696
2021-03-20,0.0171575210988521,0.0701007768511772,0.9127416610717772
2021-03-21,0.0171575210988521,0.0701007768511772,0.9127416610717772
2021-03-22,0.0171575210988521,0.0701007768511772,0.9127416610717772
2021-03-23,0.0171575210988521,0.0701007768511772,0.9127416610717772
2021-03-24,0.0171575210988521,0.0701007768511772,0.9127416610717772
2021-03-25,0.0171575210988521,0.0701007768511772,0.9127416610717772
2021-03-26,0.0171575210988521,0.0701007768511772,0.9127416610717772
2021-03-27,0.0171575210988521,0.0701007768511772,0.9127416610717772
2021-03-28,0.414433553814888,0.3263308182358742,0.2592356353998184
2021-03-29,0.17162985478838277,0.6245351831118265,0.20383498569329575
2021-03-30,0.093402724713087,0.8021823167800903,0.10441494733095165
2021-03-31,0.093402724713087,0.8021823167800903,0.10441494733095165
2021-04-01,0.093402724713087,0.8021823167800903,0.10441494733095165
2021-04-02,0.093402724713087,0.8021823167800903,0.10441494733095165
2021-04-03,0.093402724713087,0.8021823167800903,0.10441494733095165
2021-04-04,0.093402724713087,0.8021823167800903,0.10441494733095165
2021-04-05,0.093402724713087,0.8021823167800903,0.10441494733095165
2021-04-06,0.093402724713087,0.8021823167800903,0.10441494733095165
2021-04-07,0.093402724713087,0.8021823167800903,0.10441494733095165
2021-04-08,0.093402724713087,0.8021823167800903,0.10441494733095165
2021-04-09,0.093402724713087,0.8021823167800903,0.10441494733095165
2021-04-10,0.093402724713087,0.8021823167800903,0.10441494733095165
2021-04-11,0.093402724713087,0.8021823167800903,0.10441494733095165
2021-04-12,0.093402724713087,0.8021823167800903,0.10441494733095165
2021-04-13,0.093402724713087,0.8021823167800903,0.10441494733095165
2021-04-14,0.093402724713087,0.8021823167800903,0.10441494733095165
2021-04-15,0.093402724713087,0.8021823167800903,0.10441494733095165
2021-04-16,0.093402724713087,0.8021823167800903,0.10441494733095165
2021-04-17,0.093402724713087,0.8021823167800903,0.10441494733095165
2021-04-18,0.093402724713087,0.8021823167800903,0.10441494733095165
2021-04-19,0.093402724713087,0.8021823167800903,0.10441494733095165
2021-04-20,0.093402724713087,0.8021823167800903,0.10441494733095165
2021-04-21,0.093402724713087,0.8021823167800903,0.10441494733095165
2021-04-22,0.093402724713087,0.8021823167800903,0.10441494733095165
2021-04-23,0.093402724713087,0.8021823167800903,0.10441494733095165
2021-04-24,0.093402724713087,0.8021823167800903,0.10441494733095165
2021-04-25,0.093402724713087,0.8021823167800903,0.10441494733095165
2021-04-26,0.093402724713087,0.8021823167800903,0.10441494733095165
2021-04-27,0.093402724713087,0.8021823167800903,0.10441494733095165
2021-04-28,0.093402724713087,0.8021823167800903,0.10441494733095165
2021-04-29,0.093402724713087,0.8021823167800903,0.10441494733095165
2021-04-30,0.093402724713087,0.8021823167800903,0.10441494733095165
2021-05-01,0.093402724713087,0.8021823167800903,0.10441494733095165
2021-05-02,0.093402724713087,0.8021823167800903,0.10441494733095165
2021-05-03,0.093402724713087,0.8021823167800903,0.10441494733095165
2021-05-04,0.093402724713087,0.8021823167800903,0.10441494733095165
2021-05-05,0.093402724713087,0.8021823167800903,0.10441494733095165
2021-05-06,0.093402724713087,0.8021823167800903,0.10441494733095165
2021-05-07,0.093402724713087,0.8021823167800903,0.10441494733095165
2021-05-08,0.093402724713087,0.8021823167800903,0.10441494733095165
2021-05-09,0.19304955081531291,0.29968698557328294,0.5072634600930743
2021-05-10,0.19304955081531291,0.29968698557328294,0.5072634600930743
2021-05-11,0.19304955081531291,0.29968698557328294,0.5072634600930743
2021-05-12,0.19304955081531291,0.29968698557328294,0.5072634600930743
2021-05-13,0.19304955081531291,0.29968698557328294,0.5072634600930743
2021-05-14,0.19304955081531291,0.29968698557328294,0.5072634600930743
2021-05-15,0.0986271910369396,0.6478889137506485,0.25348385050892824
2021-05-16,0.11822462207810192,0.20054093841463325,0.6812344374893992
2021-05-17,0.11530888904459198,0.1823590377775522,0.7023320805567962
2021-05-18,0.2104857084341347,0.3215296342968941,0.4679846093058586
2021-05-19,0.21746211179665154,0.2899380432707922,0.4925998534475054
2021-05-20,0.21746211179665154,0.2899380432707922,0.4925998534475054
2021-05-21,0.21746211179665154,0.2899380432707922,0.4925998534475054
2021-05-22,0.2974709505880518,0.2603108920156955,0.44221816517944845
2021-05-23,0.2217050055041909,0.23578287878384188,0.5425121166432897
2021-05-24,0.2217050055041909,0.23578287878384188,0.5425121166432897
2021-05-25,0.2217050055041909,0.23578287878384188,0.5425121166432897
2021-05-26,0.3422643840312958,0.4867744743824005,0.1709611117839813
2021-05-27,0.3422643840312958,0.4867744743824005,0.1709611117839813
2021-05-28,0.3422643840312958,0.4867744743824005,0.1709611117839813
2021-05-29,0.3422643840312958,0.4867744743824005,0.1709611117839813
2021-05-30,0.1445412635803222,0.2679182589054107,0.5875404477119446
2021-05-31,0.1445412635803222,0.2679182589054107,0.5875404477119446
2021-06-01,0.1445412635803222,0.2679182589054107,0.5875404477119446
2021-06-02,0.1445412635803222,0.2679182589054107,0.5875404477119446
2021-06-03,0.1445412635803222,0.2679182589054107,0.5875404477119446
2021-06-04,0.1445412635803222,0.2679182589054107,0.5875404477119446
2021-06-05,0.1445412635803222,0.2679182589054107,0.5875404477119446
2021-06-06,0.1445412635803222,0.2679182589054107,0.5875404477119446
2021-06-07,0.1445412635803222,0.2679182589054107,0.5875404477119446
2021-06-08,0.37314096465706825,0.4791116863489151,0.14774734899401662
2021-06-09,0.2190228551626205,0.3459267020225525,0.4350503981113434
2021-06-10,0.2190228551626205,0.3459267020225525,0.4350503981113434
2021-06-11,0.2190228551626205,0.3459267020225525,0.4350503981113434
2021-06-12,0.2190228551626205,0.3459267020225525,0.4350503981113434
2021-06-13,0.2190228551626205,0.3459267020225525,0.4350503981113434
2021-06-14,0.2190228551626205,0.3459267020225525,0.4350503981113434
2021-06-15,0.2190228551626205,0.3459267020225525,0.4350503981113434
2021-06-16,0.2190228551626205,0.3459267020225525,0.4350503981113434
2021-06-17,0.2190228551626205,0.3459267020225525,0.4350503981113434
2021-06-18,0.2190228551626205,0.3459267020225525,0.4350503981113434
2021-06-19,0.2190228551626205,0.3459267020225525,0.4350503981113434
2021-06-20,0.2190228551626205,0.3459267020225525,0.4350503981113434
2021-06-21,0.2190228551626205,0.3459267020225525,0.4350503981113434
2021-06-22,0.2190228551626205,0.3459267020225525,0.4350503981113434
2021-06-23,0.061788957007229285,0.11029929220676415,0.8279117465019226
2021-06-24,0.0386975885679324,0.20321169743935263,0.7580907146135966
2021-06-25,0.1735422052443027,0.3558706045150757,0.4705871641635895
2021-06-26,0.1735422052443027,0.3558706045150757,0.4705871641635895
2021-06-27,0.1735422052443027,0.3558706045150757,0.4705871641635895
2021-06-28,0.1735422052443027,0.3558706045150757,0.4705871641635895
2021-06-29,0.1735422052443027,0.3558706045150757,0.4705871641635895
2021-06-30,0.1735422052443027,0.3558706045150757,0.4705871641635895
2021-07-01,0.1735422052443027,0.3558706045150757,0.4705871641635895
2021-07-02,0.1735422052443027,0.3558706045150757,0.4705871641635895
2021-07-03,0.1735422052443027,0.3558706045150757,0.4705871641635895
2021-07-04,0.1735422052443027,0.3558706045150757,0.4705871641635895
2021-07-05,0.406050831079483,0.4421173334121704,0.1518318653106689
2021-07-06,0.3608397141098976,0.4470425918698311,0.19211768433451648
2021-07-07,0.13887740299105641,0.6538773228724798,0.2072453163564205
2021-07-08,0.2012299746274948,0.5604773759841919,0.2382926940917968
2021-07-09,0.32728713750839233,0.2909059375524521,0.3818069472908973
2021-07-10,0.14970160648226735,0.32065391043821967,0.5296444892883301
2021-07-11,0.0708833485841751,0.7313161492347717,0.1978004723787307
2021-07-12,0.0708833485841751,0.7313161492347717,0.1978004723787307
2021-07-13,0.1398889272595229,0.242331252635821,0.617779817270196
2021-07-14,0.12626009008714129,0.33609006660325186,0.5376498443739754
2021-07-15,0.085223339498043,0.3461312651634216,0.5686452984809875
2021-07-16,0.1377372741699218,0.1959371119737625,0.666325569152832
2021-07-17,0.1377372741699218,0.1959371119737625,0.666325569152832
2021-07-18,0.8038923740386963,0.1372997164726257,0.0588079579174518
2021-07-19,0.8038923740386963,0.1372997164726257,0.0588079579174518
2021-07-20,0.0286794081330299,0.0963826924562454,0.874937891960144
2021-07-21,0.6974870752957132,0.1875586633880933,0.11495425055424367
2021-07-22,0.3040512009627289,0.22707200133138233,0.46887677990727955
2021-07-23,0.1718437948908943,0.3666761580568093,0.46148004392400765
2021-07-24,0.14943908428152397,0.4688089748223623,0.3817519356807073
2021-07-25,0.11816939990967507,0.272292702148358,0.6095378920435905
2021-07-26,0.4471392631530761,0.3642480075359344,0.1886127144098281
2021-07-27,0.4471392631530761,0.3642480075359344,0.1886127144098281
2021-07-28,0.0988208800554275,0.8279858827590942,0.0731932520866394
2021-07-29,0.11121205836534495,0.596144026517868,0.2926439315080643
2021-07-30,0.11121205836534495,0.596144026517868,0.2926439315080643
2021-07-31,0.19558109343051905,0.19078237563371656,0.6136365085840225
2021-08-01,0.19558109343051905,0.19078237563371656,0.6136365085840225
2021-08-02,0.4037245810031891,0.4055499136447906,0.1907255351543426
2021-08-03,0.4037245810031891,0.4055499136447906,0.1907255351543426
2021-08-04,0.4037245810031891,0.4055499136447906,0.1907255351543426
2021-08-05,0.4037245810031891,0.4055499136447906,0.1907255351543426
2021-08-06,0.4037245810031891,0.4055499136447906,0.1907255351543426
2021-08-07,0.29727305471897125,0.45828766624132794,0.24443927903970075
2021-08-08,0.1811298877000808,0.7055107355117798,0.1133594363927841
2021-08-09,0.3378856480121612,0.3677444458007812,0.2943699061870575
2021-08-10,0.15749966791322959,0.425701648674228,0.4167986884713173
2021-08-11,0.22324755407221936,0.360802732731985,0.4159497048543847
2021-08-12,0.22324755407221936,0.360802732731985,0.4159497048543847
2021-08-13,0.22324755407221936,0.360802732731985,0.4159497048543847
2021-08-14,0.09727414138615127,0.266170771792531,0.6365551017224789
2021-08-15,0.09727414138615127,0.266170771792531,0.6365551017224789
2021-08-16,0.09727414138615127,0.266170771792531,0.6365551017224789
2021-08-17,0.09727414138615127,0.266170771792531,0.6365551017224789
2021-08-18,0.1237247139215469,0.7857864499092102,0.0904887914657592
2021-08-19,0.1237247139215469,0.7857864499092102,0.0904887914657592
2021-08-20,0.1237247139215469,0.7857864499092102,0.0904887914657592
2021-08-21,0.1237247139215469,0.7857864499092102,0.0904887914657592
2021-08-22,0.1237247139215469,0.7857864499092102,0.0904887914657592
2021-08-23,0.1237247139215469,0.7857864499092102,0.0904887914657592
2021-08-24,0.1833240846171975,0.30415190383791924,0.5125240062673887
2021-08-25,0.19733959046954455,0.2573625381019982,0.5452978705818002
2021-08-26,0.08191433548927302,0.1800056168188651,0.7380800743897756
2021-08-27,0.1671067476272583,0.2497125267982483,0.5831806659698486
2021-08-28,0.619718611240387,0.3004071414470672,0.0798742771148681
2021-08-29,0.0142870331183075,0.1011261716485023,0.884586751461029
2021-08-30,0.0142870331183075,0.1011261716485023,0.884586751461029
2021-08-31,0.18692201282829043,0.28430049680173397,0.5287774900595347
2021-09-01,0.1802718519632305,0.24101857202393664,0.5787095704248973
2021-09-02,0.16823946870863435,0.32693803682923317,0.504822501912713
2021-09-03,0.09427899494767188,0.26670157164335245,0.6390194495519003
2021-09-04,0.09427899494767188,0.26670157164335245,0.6390194495519003
2021-09-05,0.09427899494767188,0.26670157164335245,0.6390194495519003
2021-09-06,0.09427899494767188,0.26670157164335245,0.6390194495519003
2021-09-07,0.8120164275169373,0.1154201850295066,0.072563387453556
2021-09-08,0.139995518212135,0.38931399698440844,0.4706904830840918
2021-09-09,0.48076000809669495,0.30106098800897596,0.2181790173053741
2021-09-10,0.2087481096386909,0.465505450963974,0.3257464617490768
2021-09-11,0.23537148038546243,0.48160741726557416,0.2830211371183395
2021-09-12,0.5143082737922668,0.3637878000736236,0.1219038665294647
2021-09-13,0.19935362112636745,0.40083366403212917,0.39981272243536436
2021-09-14,0.046728376299142796,0.2568035386502742,0.6964680552482605
2021-09-15,0.0729111582040786,0.4177017211914062,0.5093871355056763
2021-09-16,0.0378654524683952,0.42319407314062113,0.538940504193306
2021-09-17,0.0378654524683952,0.42319407314062113,0.538940504193306
2021-09-18,0.0378654524683952,0.42319407314062113,0.538940504193306
2021-09-19,0.16386704256429388,0.3107704020598355,0.5253625647986636
2021-09-20,0.16386704256429388,0.3107704020598355,0.5253625647986636
2021-09-21,0.16386704256429388,0.3107704020598355,0.5253625647986636
2021-09-22,0.10414059345117381,0.24444292354233124,0.6514164906214265
2021-09-23,0.1349319882977467,0.21977191224980808,0.6452960934585485
2021-09-24,0.0579636543989181,0.1180055662989616,0.8240308165550232
2021-09-25,0.2658104732632637,0.46942552328109743,0.264763993024826
2021-09-26,0.2658104732632637,0.46942552328109743,0.264763993024826
2021-09-27,0.2658104732632637,0.46942552328109743,0.264763993024826
2021-09-28,0.069538228213787,0.4162535369396209,0.514208197593689
2021-09-29,0.1982108801603317,0.6238165497779846,0.1779725700616836
2021-09-30,0.1982108801603317,0.6238165497779846,0.1779725700616836
2021-10-01,0.351022720336914,0.421722799539566,0.2272545397281646
2021-10-02,0.1223330795764923,0.3932124674320221,0.4844544529914856
2021-10-03,0.1223330795764923,0.3932124674320221,0.4844544529914856
2021-10-04,0.1223330795764923,0.3932124674320221,0.4844544529914856
2021-10-05,0.1223330795764923,0.3932124674320221,0.4844544529914856
2021-10-06,0.3748272061347961,0.2054350525140762,0.4197377860546112
2021-10-07,0.8124202489852905,0.1395221054553985,0.0480576828122139
2021-10-08,0.34916775425275165,0.3114871283372243,0.33934512734413147
2021-10-09,0.34916775425275165,0.3114871283372243,0.33934512734413147
2021-10-10,0.14657194279134272,0.3287898540496826,0.524638220667839
2021-10-11,0.35392811000347135,0.296382899582386,0.3496889978647232
2021-10-12,0.1977804865980265,0.2603852650260224,0.5418342462211263
2021-10-13,0.1600680447796859,0.27660496982677674,0.5633269886872391
2021-10-14,0.16551518234748228,0.263283143305908,0.5712016843583273
2021-10-15,0.19417799943510222,0.29579365867025714,0.5100283495643559
2021-10-16,0.2459648239115874,0.32554334774613375,0.42849183330933255
2021-10-17,0.19369838192748523,0.360547016064326,0.44575461621085805
2021-10-18,0.15990495825186368,0.29601849719882006,0.5440765397250652
2021-10-19,0.38358308256980267,0.2612623491106515,0.35515456878520707
2021-10-20,0.2129477742128074,0.35572640039026737,0.43132581165991724
2021-10-21,0.23309296814517838,0.2232310908536116,0.543675932722787
2021-10-22,0.1355643272399902,0.5192647948861122,0.34517086297273636
2021-10-23,0.12065276859656848,0.19810751069556262,0.6812397214200567
2021-10-24,0.11618773872032759,0.3741464810445904,0.509665778838098
2021-10-25,0.32397588590780896,0.12376501659552253,0.5522590819746256
2021-10-26,0.32397588590780896,0.12376501659552253,0.5522590819746256
2021-10-27,0.2104214280843734,0.539362370967865,0.2502161562442779
2021-10-28,0.2104214280843734,0.539362370967865,0.2502161562442779
2021-10-29,0.2104214280843734,0.539362370967865,0.2502161562442779
2021-10-30,0.2104214280843734,0.539362370967865,0.2502161562442779
2021-10-31,0.2104214280843734,0.539362370967865,0.2502161562442779
2021-11-01,0.2104214280843734,0.539362370967865,0.2502161562442779
2021-11-02,0.2104214280843734,0.539362370967865,0.2502161562442779
2021-11-03,0.12747685362895325,0.36078086495399475,0.5117422739664713
2021-11-04,0.20776822749111382,0.3342873296803898,0.45794443744752145
2021-11-05,0.14310032827779645,0.3469870816916227,0.5099125802516937
2021-11-06,0.1796831019843618,0.37610671296715736,0.44421017666657764
2021-11-07,0.11585807427763936,0.23387210816144943,0.6502698063850403
2021-11-08,0.1311638717436128,0.3611372394694222,0.5076988504992591
2021-11-09,0.20057696612043815,0.2818457342006943,0.5175773203372955
2021-11-10,0.1581836966797709,0.29571025073528284,0.5461060702800751
2021-11-11,0.1581836966797709,0.29571025073528284,0.5461060702800751
2021-11-12,0.03980181831866497,0.15502042323350904,0.8051777333021164
2021-11-13,0.03980181831866497,0.15502042323350904,0.8051777333021164
2021-11-14,0.22479639149137903,0.281652712396213,0.49355087109974455
2021-11-15,0.0221767667680978,0.1658227890729904,0.8120003938674927
2021-11-16,0.1470395636728458,0.2321196287347559,0.6208408048801255
2021-11-17,0.10755175570375282,0.1817603338276967,0.7106878915801644
2021-11-18,0.0635489374399185,0.4563237726688385,0.4801273345947265
2021-11-19,0.10318334884941574,0.15491612479090688,0.7419005334377289
2021-11-20,0.35058230968813103,0.20837023605902985,0.441047469774882
2021-11-21,0.35058230968813103,0.20837023605902985,0.441047469774882
2021-11-22,0.35058230968813103,0.20837023605902985,0.441047469774882
2021-11-23,0.35058230968813103,0.20837023605902985,0.441047469774882
2021-11-24,0.35058230968813103,0.20837023605902985,0.441047469774882
2021-11-25,0.7189021557569504,0.22819830849766728,0.052899540401995154
2021-11-26,0.7189021557569504,0.22819830849766728,0.052899540401995154
2021-11-27,0.4881319695462783,0.29676509213944274,0.21510292092959085
2021-11-28,0.5248380574863404,0.2808409677818417,0.1943209747318178
2021-11-29,0.6248115748167038,0.20408587157726282,0.17110252939164633
2021-11-30,0.14678470331038962,0.23729682776887534,0.6159184782813161
2021-12-01,0.18391561026616793,0.2296446818040638,0.5864397102012867
2021-12-02,0.30159046128392214,0.4354481076200803,0.26296142488718033
2021-12-03,0.07858582586050031,0.16499589756131167,0.7564182877540588
2021-12-04,0.7314966519673666,0.16179888943831125,0.10670445362726844
2021-12-05,0.7314966519673666,0.16179888943831125,0.10670445362726844
2021-12-06,0.7314966519673666,0.16179888943831125,0.10670445362726844
2021-12-07,0.7314966519673666,0.16179888943831125,0.10670445362726844
2021-12-08,0.3098188746897947,0.29449188389948433,0.3956892386611019
2021-12-09,0.3639142378898604,0.33957091133509365,0.296514855697751
2021-12-10,0.45393436700105666,0.2698222741484642,0.2762433551251888
2021-12-11,0.07232711091637606,0.17823164537549016,0.7494412064552307
2021-12-12,0.13288214637173543,0.40415025254090625,0.46296758618619704
2021-12-13,0.13288214637173543,0.40415025254090625,0.46296758618619704
2021-12-14,0.2035154560580849,0.2134425230324268,0.5830419808626175
2021-12-15,0.2035154560580849,0.2134425230324268,0.5830419808626175
2021-12-16,0.2035154560580849,0.2134425230324268,0.5830419808626175
2021-12-17,0.2035154560580849,0.2134425230324268,0.5830419808626175
2021-12-18,0.0682078152894973,0.1655085980892181,0.7662835717201233
2021-12-19,0.0682078152894973,0.1655085980892181,0.7662835717201233
2021-12-20,0.2975713610649109,0.546863853931427,0.1555647999048233
2021-12-21,0.1490255955054804,0.2694169209787139,0.581557485792372
2021-12-22,0.1490255955054804,0.2694169209787139,0.581557485792372
2021-12-23,0.1490255955054804,0.2694169209787139,0.581557485792372
2021-12-24,0.1490255955054804,0.2694169209787139,0.581557485792372
2021-12-25,0.1490255955054804,0.2694169209787139,0.581557485792372
2021-12-26,0.1490255955054804,0.2694169209787139,0.581557485792372
2021-12-27,0.1490255955054804,0.2694169209787139,0.581557485792372
2021-12-28,0.1490255955054804,0.2694169209787139,0.581557485792372
2021-12-29,0.1490255955054804,0.2694169209787139,0.581557485792372
2021-12-30,0.1490255955054804,0.2694169209787139,0.581557485792372
2021-12-31,0.1490255955054804,0.2694169209787139,0.581557485792372
2022-01-01,0.1490255955054804,0.2694169209787139,0.581557485792372
2022-01-02,0.1490255955054804,0.2694169209787139,0.581557485792372
2022-01-03,0.160911738872528,0.3137265145778656,0.5253617167472839
2022-01-04,0.160911738872528,0.3137265145778656,0.5253617167472839
2022-01-05,0.1025870516896247,0.8426122665405273,0.0548007227480411
2022-01-06,0.1025870516896247,0.8426122665405273,0.0548007227480411
2022-01-07,0.1025870516896247,0.8426122665405273,0.0548007227480411
2022-01-08,0.1025870516896247,0.8426122665405273,0.0548007227480411
2022-01-09,0.1025870516896247,0.8426122665405273,0.0548007227480411
2022-01-10,0.1025870516896247,0.8426122665405273,0.0548007227480411
2022-01-11,0.1025870516896247,0.8426122665405273,0.0548007227480411
2022-01-12,0.1025870516896247,0.8426122665405273,0.0548007227480411
2022-01-13,0.1025870516896247,0.8426122665405273,0.0548007227480411
2022-01-14,0.0402688644826412,0.8805335760116577,0.0791975781321525
2022-01-15,0.0402688644826412,0.8805335760116577,0.0791975781321525
2022-01-16,0.0402688644826412,0.8805335760116577,0.0791975781321525
2022-01-17,0.0562507435679435,0.8532091975212097,0.0905399918556213
2022-01-18,0.0562507435679435,0.8532091975212097,0.0905399918556213
2022-01-19,0.0562507435679435,0.8532091975212097,0.0905399918556213
2022-01-20,0.2878448069095611,0.5021703243255615,0.2099848836660385
2022-01-21,0.2878448069095611,0.5021703243255615,0.2099848836660385
2022-01-22,0.1747845001518726,0.3118825614452362,0.5133329451084137
2022-01-23,0.19770367897075153,0.3080365761466648,0.4942597568683002
2022-01-24,0.1242117937654256,0.2593249343335628,0.6164632588624954
2022-01-25,0.0275188963860273,0.0736503824591636,0.898830771446228
2022-01-26,0.0275188963860273,0.0736503824591636,0.898830771446228
2022-01-27,0.0432342663407325,0.7702578902244568,0.1865078955888748
2022-01-28,0.161984845995903,0.6552741527557373,0.1827410012483596
2022-01-29,0.161984845995903,0.6552741527557373,0.1827410012483596
2022-01-30,0.161984845995903,0.6552741527557373,0.1827410012483596
2022-01-31,0.161984845995903,0.6552741527557373,0.1827410012483596
2022-02-01,0.0370375076308846,0.0988496001809835,0.8641128540039062
2022-02-02,0.1754026549080243,0.36612698951592815,0.4584703605908614
2022-02-03,0.186747479845177,0.34157770894693607,0.47167480488618213
2022-02-04,0.09904256276786325,0.48468849807977676,0.416268914937973
2022-02-05,0.1110783740878105,0.7145880460739136,0.1743336021900177
2022-02-06,0.1110783740878105,0.7145880460739136,0.1743336021900177
2022-02-07,0.1110783740878105,0.7145880460739136,0.1743336021900177
2022-02-08,0.1110783740878105,0.7145880460739136,0.1743336021900177
2022-02-09,0.1110783740878105,0.7145880460739136,0.1743336021900177
2022-02-10,0.1110783740878105,0.7145880460739136,0.1743336021900177
2022-02-11,0.1110783740878105,0.7145880460739136,0.1743336021900177
2022-02-12,0.1110783740878105,0.7145880460739136,0.1743336021900177
2022-02-13,0.1110783740878105,0.7145880460739136,0.1743336021900177
2022-02-14,0.1110783740878105,0.7145880460739136,0.1743336021900177
2022-02-15,0.1110783740878105,0.7145880460739136,0.1743336021900177
2022-02-16,0.1110783740878105,0.7145880460739136,0.1743336021900177
2022-02-17,0.1110783740878105,0.7145880460739136,0.1743336021900177
2022-02-18,0.1110783740878105,0.7145880460739136,0.1743336021900177
2022-02-19,0.15748272091150278,0.262331947684288,0.5801853537559509
2022-02-20,0.15748272091150278,0.262331947684288,0.5801853537559509
2022-02-21,0.15748272091150278,0.262331947684288,0.5801853537559509
2022-02-22,0.15748272091150278,0.262331947684288,0.5801853537559509
2022-02-23,0.15748272091150278,0.262331947684288,0.5801853537559509
2022-02-24,0.15748272091150278,0.262331947684288,0.5801853537559509
2022-02-25,0.15748272091150278,0.262331947684288,0.5801853537559509
2022-02-26,0.15748272091150278,0.262331947684288,0.5801853537559509
2022-02-27,0.15748272091150278,0.262331947684288,0.5801853537559509
2022-02-28,0.15748272091150278,0.262331947684288,0.5801853537559509
2022-03-01,0.15748272091150278,0.262331947684288,0.5801853537559509
2022-03-02,0.15748272091150278,0.262331947684288,0.5801853537559509
2022-03-03,0.15748272091150278,0.262331947684288,0.5801853537559509
2022-03-04,0.15748272091150278,0.262331947684288,0.5801853537559509
2022-03-05,0.15748272091150278,0.262331947684288,0.5801853537559509
2022-03-06,0.15748272091150278,0.262331947684288,0.5801853537559509
2022-03-07,0.15748272091150278,0.262331947684288,0.5801853537559509
2022-03-08,0.15748272091150278,0.262331947684288,0.5801853537559509
2022-03-09,0.15748272091150278,0.262331947684288,0.5801853537559509
2022-03-10,0.15748272091150278,0.262331947684288,0.5801853537559509
2022-03-11,0.15748272091150278,0.262331947684288,0.5801853537559509
2022-03-12,0.15748272091150278,0.262331947684288,0.5801853537559509
2022-03-13,0.15748272091150278,0.262331947684288,0.5801853537559509
2022-03-14,0.15748272091150278,0.262331947684288,0.5801853537559509
2022-03-15,0.0783322067665202,0.2014788607401507,0.7201889285019466
2022-03-16,0.343384712934494,0.3375994265079498,0.3190159201622009
2022-03-17,0.343384712934494,0.3375994265079498,0.3190159201622009
2022-03-18,0.343384712934494,0.3375994265079498,0.3190159201622009
2022-03-19,0.0190102029591798,0.052945602685213,0.9280441999435424
2022-03-20,0.0190102029591798,0.052945602685213,0.9280441999435424
2022-03-21,0.0190102029591798,0.052945602685213,0.9280441999435424
2022-03-22,0.2444493025541305,0.3813859820365906,0.3741647005081177
2022-03-23,0.2444493025541305,0.3813859820365906,0.3741647005081177
2022-03-24,0.2444493025541305,0.3813859820365906,0.3741647005081177
2022-03-25,0.2444493025541305,0.3813859820365906,0.3741647005081177
2022-03-26,0.2444493025541305,0.3813859820365906,0.3741647005081177
2022-03-27,0.2444493025541305,0.3813859820365906,0.3741647005081177
2022-03-28,0.2444493025541305,0.3813859820365906,0.3741647005081177
2022-03-29,0.2444493025541305,0.3813859820365906,0.3741647005081177
2022-03-30,0.2444493025541305,0.3813859820365906,0.3741647005081177
2022-03-31,0.12291826680302616,0.2561028450727463,0.620978906750679
2022-04-01,0.12291826680302616,0.2561028450727463,0.620978906750679
2022-04-02,0.12291826680302616,0.2561028450727463,0.620978906750679
2022-04-03,0.12291826680302616,0.2561028450727463,0.620978906750679
2022-04-04,0.12291826680302616,0.2561028450727463,0.620978906750679
2022-04-05,0.12291826680302616,0.2561028450727463,0.620978906750679
2022-04-06,0.12291826680302616,0.2561028450727463,0.620978906750679
2022-04-07,0.12291826680302616,0.2561028450727463,0.620978906750679
2022-04-08,0.12291826680302616,0.2561028450727463,0.620978906750679
2022-04-09,0.12291826680302616,0.2561028450727463,0.620978906750679
2022-04-10,0.12291826680302616,0.2561028450727463,0.620978906750679
2022-04-11,0.12291826680302616,0.2561028450727463,0.620978906750679
2022-04-12,0.12291826680302616,0.2561028450727463,0.620978906750679
2022-04-13,0.12291826680302616,0.2561028450727463,0.620978906750679
2022-04-14,0.12291826680302616,0.2561028450727463,0.620978906750679
2022-04-15,0.12291826680302616,0.2561028450727463,0.620978906750679
2022-04-16,0.12291826680302616,0.2561028450727463,0.620978906750679
2022-04-17,0.12291826680302616,0.2561028450727463,0.620978906750679
2022-04-18,0.12291826680302616,0.2561028450727463,0.620978906750679
2022-04-19,0.12291826680302616,0.2561028450727463,0.620978906750679
2022-04-20,0.12291826680302616,0.2561028450727463,0.620978906750679
2022-04-21,0.12291826680302616,0.2561028450727463,0.620978906750679
2022-04-22,0.12291826680302616,0.2561028450727463,0.620978906750679
2022-04-23,0.12291826680302616,0.2561028450727463,0.620978906750679
2022-04-24,0.12291826680302616,0.2561028450727463,0.620978906750679
2022-04-25,0.09309674054384226,0.362458772957325,0.5444445013999939
2022-04-26,0.19435587762633247,0.3170831818577079,0.48856094590432586
2022-04-27,0.14962831367530038,0.3614928532780996,0.4888788326017892
2022-04-28,0.17754172419922218,0.3560691995339261,0.46638907947474056
2022-04-29,0.34108103563388187,0.1168480018774668,0.5420709584529201
2022-04-30,0.0571941323578357,0.1666840612888336,0.7761218547821045
2022-05-01,0.10324339941143984,0.21136546507477755,0.6853911429643631
2022-05-02,0.3619177937507629,0.3079148828983307,0.330167293548584
2022-05-03,0.3619177937507629,0.3079148828983307,0.330167293548584
2022-05-04,0.3619177937507629,0.3079148828983307,0.330167293548584
2022-05-05,0.3619177937507629,0.3079148828983307,0.330167293548584
2022-05-06,0.3619177937507629,0.3079148828983307,0.330167293548584
2022-05-07,0.3619177937507629,0.3079148828983307,0.330167293548584
2022-05-08,0.3619177937507629,0.3079148828983307,0.330167293548584
2022-05-09,0.3619177937507629,0.3079148828983307,0.330167293548584
2022-05-10,0.3619177937507629,0.3079148828983307,0.330167293548584
2022-05-11,0.3619177937507629,0.3079148828983307,0.330167293548584
2022-05-12,0.2116167502985759,0.34704552057453175,0.4413377277440194
2022-05-13,0.20896668138311186,0.3110552586176816,0.4799780603717355
2022-05-14,0.23195828710283548,0.3324414331998144,0.4356002847531012
2022-05-15,0.23195828710283548,0.3324414331998144,0.4356002847531012
2022-05-16,0.23195828710283548,0.3324414331998144,0.4356002847531012
2022-05-17,0.19612029567360875,0.36337975909312564,0.4404999402662118
2022-05-18,0.0176487304270267,0.0739085525274276,0.9084426760673524
2022-05-19,0.0124468188732862,0.0531879775226116,0.9343651533126832
2022-05-20,0.0124468188732862,0.0531879775226116,0.9343651533126832
2022-05-21,0.0124468188732862,0.0531879775226116,0.9343651533126832
2022-05-22,0.0124468188732862,0.0531879775226116,0.9343651533126832
2022-05-23,0.5785998014563863,0.2471912809732285,0.17420892095701257
2022-05-24,0.4050634354352951,0.33455616661480486,0.2603803958211626
2022-05-25,0.7785741090774536,0.1817564666271209,0.0396694615483284
2022-05-26,0.6225238591432571,0.2863084599375724,0.09116767346858975
2022-05-27,0.6225238591432571,0.2863084599375724,0.09116767346858975
2022-05-28,0.6225238591432571,0.2863084599375724,0.09116767346858975
2022-05-29,0.6225238591432571,0.2863084599375724,0.09116767346858975
2022-05-30,0.2560601005301115,0.2919589681994347,0.45198092940780854
2022-05-31,0.1093517132103443,0.35929913073778147,0.5313491672277451
2022-06-01,0.1093517132103443,0.35929913073778147,0.5313491672277451
2022-06-02,0.1093517132103443,0.35929913073778147,0.5313491672277451
2022-06-03,0.1093517132103443,0.35929913073778147,0.5313491672277451
2022-06-04,0.2115136034643421,0.3493119108562286,0.4391744795900125
2022-06-05,0.1961379932860533,0.25189367681741714,0.5519683385888735
2022-06-06,0.22045418314103563,0.3620002434722015,0.4175455830991268
2022-06-07,0.31373195299579776,0.28468842832026653,0.4015796171202336
2022-06-08,0.22211020824992478,0.3289015276686233,0.44898826591670515
2022-06-09,0.20911328404627993,0.3196262921923878,0.47126042256238815
2022-06-10,0.2282082707430404,0.3297289555600608,0.4420627697584141
2022-06-11,0.14126235579273527,0.29816554699625286,0.5605721135756799
2022-06-12,0.11844862066209315,0.2518223449587822,0.6297290176153183
2022-06-13,0.21433356624001107,0.33598701331095815,0.44967940296882236
2022-06-14,0.2600426367587513,0.44712448451254105,0.292832868380679
2022-06-15,0.09544220815102257,0.33633137742678326,0.5682264020045599
2022-06-16,0.11239197030663484,0.16089272201061244,0.7267152786254882
2022-06-17,0.2104586380933012,0.31704928811107363,0.4724920755518334
2022-06-18,0.18957498835192782,0.3455171287059784,0.4649078730079863
2022-06-19,0.0524308681488037,0.6720438003540039,0.2755253911018371
2022-06-20,0.16194762662053105,0.4344300031661987,0.4036223888397217
2022-06-21,0.20138830443223313,0.4050021767616272,0.39360950390497845
2022-06-22,0.43786806166172026,0.3465313017368316,0.2156006261706352
2022-06-23,0.3218790590763092,0.286592960357666,0.39152792096138
2022-06-24,0.3218790590763092,0.286592960357666,0.39152792096138
2022-06-25,0.2988516688346863,0.5867602825164795,0.1143880039453506
2022-06-26,0.2778785526752472,0.5837867259979248,0.1383347362279892
2022-06-27,0.2778785526752472,0.5837867259979248,0.1383347362279892
2022-06-28,0.2778785526752472,0.5837867259979248,0.1383347362279892
2022-06-29,0.2778785526752472,0.5837867259979248,0.1383347362279892
2022-06-30,0.2778785526752472,0.5837867259979248,0.1383347362279892
2022-07-01,0.2778785526752472,0.5837867259979248,0.1383347362279892
2022-07-02,0.2778785526752472,0.5837867259979248,0.1383347362279892
2022-07-03,0.2778785526752472,0.5837867259979248,0.1383347362279892
2022-07-04,0.2778785526752472,0.5837867259979248,0.1383347362279892
2022-07-05,0.2778785526752472,0.5837867259979248,0.1383347362279892
2022-07-06,0.24343745540017664,0.29452773134993465,0.46203479915857315
2022-07-07,0.13655053172260517,0.4337636549025774,0.42968581803143024
2022-07-08,0.13655053172260517,0.4337636549025774,0.42968581803143024
2022-07-09,0.13655053172260517,0.4337636549025774,0.42968581803143024
2022-07-10,0.13655053172260517,0.4337636549025774,0.42968581803143024
2022-07-11,0.13655053172260517,0.4337636549025774,0.42968581803143024
2022-07-12,0.13655053172260517,0.4337636549025774,0.42968581803143024
2022-07-13,0.13655053172260517,0.4337636549025774,0.42968581803143024
2022-07-14,0.21790077995795465,0.3117697387524358,0.47032948098258004
2022-07-15,0.1917018314351799,0.304161677112827,0.5041364940342965
2022-07-16,0.2423273438024659,0.3275923762297214,0.43008027632915696
2022-07-17,0.09065824449062342,0.25540383458137506,0.6539379000663758
2022-07-18,0.09065824449062342,0.25540383458137506,0.6539379000663758
2022-07-19,0.21276741265518284,0.3287163880199958,0.45851620254863024
2022-07-20,0.24973586729880584,0.34024188333927696,0.41002225322621083
2022-07-21,0.16948154382407665,0.3310577347874641,0.49946076422929764
2022-07-22,0.16948154382407665,0.3310577347874641,0.49946076422929764
2022-07-23,0.16948154382407665,0.3310577347874641,0.49946076422929764
2022-07-24,0.16948154382407665,0.3310577347874641,0.49946076422929764
2022-07-25,0.16948154382407665,0.3310577347874641,0.49946076422929764
2022-07-26,0.25062497518956656,0.37102478307982284,0.37835024918119115
2022-07-27,0.12082427181303501,0.23396403342485425,0.6452117264270782
2022-07-28,0.12082427181303501,0.23396403342485425,0.6452117264270782
2022-07-29,0.12082427181303501,0.23396403342485425,0.6452117264270782
2022-07-30,0.12082427181303501,0.23396403342485425,0.6452117264270782
2022-07-31,0.12082427181303501,0.23396403342485425,0.6452117264270782
2022-08-01,0.12082427181303501,0.23396403342485425,0.6452117264270782
2022-08-02,0.12082427181303501,0.23396403342485425,0.6452117264270782
2022-08-03,0.13114573466865453,0.3245067035450655,0.5443475606906063
2022-08-04,0.1365589212456887,0.23827403377402911,0.6251670657233759
2022-08-05,0.1946272601683934,0.4749128520488739,0.3304599026838938
2022-08-06,0.15383501350879666,0.4036134257912636,0.44255158943789347
2022-08-07,0.13474689982831475,0.22209265828132624,0.643160417675972
2022-08-08,0.1814681589603424,0.4672184288501739,0.351313441991806
2022-08-09,0.1814681589603424,0.4672184288501739,0.351313441991806
2022-08-10,0.028993509709835,0.1316032260656356,0.8394032120704651
2022-08-11,0.028993509709835,0.1316032260656356,0.8394032120704651
2022-08-12,0.028993509709835,0.1316032260656356,0.8394032120704651
2022-08-13,0.0407684445381164,0.1248848214745521,0.8343467116355896
2022-08-14,0.11410496104508634,0.2668827660381794,0.6190123111009598
2022-08-15,0.1217892095446586,0.4066670686006546,0.47154371440410614
2022-08-16,0.1217892095446586,0.4066670686006546,0.47154371440410614
2022-08-17,0.13282923372462388,0.3293146444484591,0.5378561191260814
2022-08-18,0.3207568364838759,0.1438245152433713,0.535418656344215
2022-08-19,0.0646408349275589,0.2863325774669647,0.6490265727043152
2022-08-20,0.0510630793869495,0.25780441612005234,0.691132515668869
2022-08-21,0.73502117395401,0.1870888024568557,0.0778899863362312
2022-08-22,0.1243739798665046,0.7672500014305115,0.1083759665489196
2022-08-23,0.2141754329204559,0.553462028503418,0.2323624938726425
2022-08-24,0.2141754329204559,0.553462028503418,0.2323624938726425
2022-08-25,0.19605112448334694,0.45961829647421837,0.3443306162953377
2022-08-26,0.19605112448334694,0.45961829647421837,0.3443306162953377
2022-08-27,0.19605112448334694,0.45961829647421837,0.3443306162953377
2022-08-28,0.19605112448334694,0.45961829647421837,0.3443306162953377
2022-08-29,0.0393775254487991,0.3595851063728332,0.6010374426841736
2022-08-30,0.1636077612638473,0.7388222813606262,0.0975699424743652
2022-08-31,0.1796252242840674,0.3433871942059118,0.47698759067119384
2022-09-01,0.22633095925289484,0.31662420697865035,0.4570448347736919
2022-09-02,0.16775443575392332,0.35067868535801516,0.48156687794095376
2022-09-03,0.22151987068355083,0.548805038134257,0.22967506696780518
2022-09-04,0.3022685945034027,0.35173941155274707,0.34599198400974274
2022-09-05,0.19941214520346232,0.3327685474521584,0.4678193022393518
2022-09-06,0.20409046858549115,0.3352530896663665,0.46065644174814224
2022-09-07,0.17860136069357394,0.32940007025996837,0.4919985763728619
2022-09-08,0.17914404060978154,0.35478390008211136,0.46607207163022113
2022-09-09,0.11537809483706946,0.3027558252215385,0.5818660855293274
2022-09-10,0.3028610348701477,0.6475138664245605,0.0496250689029693
2022-09-11,0.1663846187293529,0.45126624405384064,0.38234914839267725
2022-09-12,0.1663846187293529,0.45126624405384064,0.38234914839267725
2022-09-13,0.1663846187293529,0.45126624405384064,0.38234914839267725
2022-09-14,0.1663846187293529,0.45126624405384064,0.38234914839267725
2022-09-15,0.1663846187293529,0.45126624405384064,0.38234914839267725
2022-09-16,0.1663846187293529,0.45126624405384064,0.38234914839267725
2022-09-17,0.1663846187293529,0.45126624405384064,0.38234914839267725
2022-09-18,0.1663846187293529,0.45126624405384064,0.38234914839267725
2022-09-19,0.21138306277700594,0.309447368606925,0.4791695710823492
2022-09-20,0.3072229512035846,0.24179615949590996,0.45098089178403217
2022-09-21,0.3072229512035846,0.24179615949590996,0.45098089178403217
2022-09-22,0.3072229512035846,0.24179615949590996,0.45098089178403217
2022-09-23,0.3072229512035846,0.24179615949590996,0.45098089178403217
2022-09-24,0.3072229512035846,0.24179615949590996,0.45098089178403217
2022-09-25,0.3072229512035846,0.24179615949590996,0.45098089178403217
2022-09-26,0.3072229512035846,0.24179615949590996,0.45098089178403217
2022-09-27,0.3072229512035846,0.24179615949590996,0.45098089178403217
2022-09-28,0.3072229512035846,0.24179615949590996,0.45098089178403217
2022-09-29,0.18214000290945953,0.29968441199315216,0.5181755890187464
2022-09-30,0.1942570578040821,0.2835887468286923,0.5221541800669262
2022-10-01,0.2006410360336303,0.2053323239088058,0.5940266251564026
2022-10-02,0.2018939070403576,0.3079997897148132,0.490106334288915
2022-10-03,0.2018939070403576,0.3079997897148132,0.490106334288915
2022-10-04,0.2018939070403576,0.3079997897148132,0.490106334288915
2022-10-05,0.2018939070403576,0.3079997897148132,0.490106334288915
2022-10-06,0.2018939070403576,0.3079997897148132,0.490106334288915
2022-10-07,0.2018939070403576,0.3079997897148132,0.490106334288915
2022-10-08,0.2018939070403576,0.3079997897148132,0.490106334288915
2022-10-09,0.2018939070403576,0.3079997897148132,0.490106334288915
2022-10-10,0.2018939070403576,0.3079997897148132,0.490106334288915
2022-10-11,0.2018939070403576,0.3079997897148132,0.490106334288915
2022-10-12,0.2018939070403576,0.3079997897148132,0.490106334288915
2022-10-13,0.0995136797428131,0.1886760145425796,0.7118103504180908
2022-10-14,0.0995136797428131,0.1886760145425796,0.7118103504180908
2022-10-15,0.0995136797428131,0.1886760145425796,0.7118103504180908
2022-10-16,0.0995136797428131,0.1886760145425796,0.7118103504180908
2022-10-17,0.0995136797428131,0.1886760145425796,0.7118103504180908
2022-10-18,0.0995136797428131,0.1886760145425796,0.7118103504180908
2022-10-19,0.0995136797428131,0.1886760145425796,0.7118103504180908
2022-10-20,0.0995136797428131,0.1886760145425796,0.7118103504180908
2022-10-21,0.0995136797428131,0.1886760145425796,0.7118103504180908
2022-10-22,0.0995136797428131,0.1886760145425796,0.7118103504180908
2022-10-23,0.0995136797428131,0.1886760145425796,0.7118103504180908
2022-10-24,0.0995136797428131,0.1886760145425796,0.7118103504180908
2022-10-25,0.0995136797428131,0.1886760145425796,0.7118103504180908
2022-10-26,0.0995136797428131,0.1886760145425796,0.7118103504180908
2022-10-27,0.3227287232875824,0.2838371396064758,0.3934341669082641
2022-10-28,0.3227287232875824,0.2838371396064758,0.3934341669082641
2022-10-29,0.3227287232875824,0.2838371396064758,0.3934341669082641
2022-10-30,0.3227287232875824,0.2838371396064758,0.3934341669082641
2022-10-31,0.3227287232875824,0.2838371396064758,0.3934341669082641
2022-11-01,0.3227287232875824,0.2838371396064758,0.3934341669082641
2022-11-02,0.3227287232875824,0.2838371396064758,0.3934341669082641
2022-11-03,0.3227287232875824,0.2838371396064758,0.3934341669082641
2022-11-04,0.3227287232875824,0.2838371396064758,0.3934341669082641
2022-11-05,0.3227287232875824,0.2838371396064758,0.3934341669082641
2022-11-06,0.3227287232875824,0.2838371396064758,0.3934341669082641
2022-11-07,0.3227287232875824,0.2838371396064758,0.3934341669082641
2022-11-08,0.3227287232875824,0.2838371396064758,0.3934341669082641
2022-11-09,0.3455016314983368,0.494029551744461,0.1604687571525573
2022-11-10,0.3455016314983368,0.494029551744461,0.1604687571525573
2022-11-11,0.3455016314983368,0.494029551744461,0.1604687571525573
2022-11-12,0.3455016314983368,0.494029551744461,0.1604687571525573
2022-11-13,0.3455016314983368,0.494029551744461,0.1604687571525573
2022-11-14,0.3455016314983368,0.494029551744461,0.1604687571525573
2022-11-15,0.3455016314983368,0.494029551744461,0.1604687571525573
2022-11-16,0.6749234795570374,0.1816802471876144,0.1433962732553482
2022-11-17,0.46480586193501944,0.0993787869811058,0.4358153296634555
2022-11-18,0.46480586193501944,0.0993787869811058,0.4358153296634555
2022-11-19,0.46480586193501944,0.0993787869811058,0.4358153296634555
2022-11-20,0.46480586193501944,0.0993787869811058,0.4358153296634555
2022-11-21,0.46480586193501944,0.0993787869811058,0.4358153296634555
2022-11-22,0.46480586193501944,0.0993787869811058,0.4358153296634555
2022-11-23,0.46480586193501944,0.0993787869811058,0.4358153296634555
2022-11-24,0.46480586193501944,0.0993787869811058,0.4358153296634555
2022-11-25,0.46480586193501944,0.0993787869811058,0.4358153296634555
2022-11-26,0.46480586193501944,0.0993787869811058,0.4358153296634555
2022-11-27,0.46480586193501944,0.0993787869811058,0.4358153296634555
2022-11-28,0.46480586193501944,0.0993787869811058,0.4358153296634555
2022-11-29,0.46480586193501944,0.0993787869811058,0.4358153296634555
2022-11-30,0.46480586193501944,0.0993787869811058,0.4358153296634555
2022-12-01,0.46480586193501944,0.0993787869811058,0.4358153296634555
2022-12-02,0.46480586193501944,0.0993787869811058,0.4358153296634555
2022-12-03,0.46480586193501944,0.0993787869811058,0.4358153296634555
2022-12-04,0.46480586193501944,0.0993787869811058,0.4358153296634555
2022-12-05,0.46480586193501944,0.0993787869811058,0.4358153296634555
2022-12-06,0.46480586193501944,0.0993787869811058,0.4358153296634555
2022-12-07,0.46480586193501944,0.0993787869811058,0.4358153296634555
2022-12-08,0.46480586193501944,0.0993787869811058,0.4358153296634555
2022-12-09,0.46480586193501944,0.0993787869811058,0.4358153296634555
2022-12-10,0.46480586193501944,0.0993787869811058,0.4358153296634555
2022-12-11,0.46480586193501944,0.0993787869811058,0.4358153296634555
2022-12-12,0.46480586193501944,0.0993787869811058,0.4358153296634555
2022-12-13,0.46480586193501944,0.0993787869811058,0.4358153296634555
2022-12-14,0.46480586193501944,0.0993787869811058,0.4358153296634555
2022-12-15,0.46480586193501944,0.0993787869811058,0.4358153296634555
2022-12-16,0.46480586193501944,0.0993787869811058,0.4358153296634555
2022-12-17,0.46480586193501944,0.0993787869811058,0.4358153296634555
2022-12-18,0.46480586193501944,0.0993787869811058,0.4358153296634555
2022-12-19,0.10362317487597461,0.21784123778343195,0.6785355806350708
2022-12-20,0.10362317487597461,0.21784123778343195,0.6785355806350708
2022-12-21,0.10362317487597461,0.21784123778343195,0.6785355806350708
2022-12-22,0.10362317487597461,0.21784123778343195,0.6785355806350708
2022-12-23,0.16204436123371121,0.17420195043087,0.6637536883354187
2022-12-24,0.16204436123371121,0.17420195043087,0.6637536883354187
2022-12-25,0.16204436123371121,0.17420195043087,0.6637536883354187
2022-12-26,0.16204436123371121,0.17420195043087,0.6637536883354187
2022-12-27,0.16204436123371121,0.17420195043087,0.6637536883354187
2022-12-28,0.16204436123371121,0.17420195043087,0.6637536883354187
2022-12-29,0.1852909574019057,0.26066581000174793,0.5540432408452034
2022-12-30,0.1971686519682407,0.3398967906832695,0.46293453872203827
2022-12-31,0.1971686519682407,0.3398967906832695,0.46293453872203827
2023-01-01,0.1971686519682407,0.3398967906832695,0.46293453872203827
2023-01-02,0.1971686519682407,0.3398967906832695,0.46293453872203827
2023-01-03,0.1971686519682407,0.3398967906832695,0.46293453872203827
2023-01-04,0.1971686519682407,0.3398967906832695,0.46293453872203827
2023-01-05,0.1971686519682407,0.3398967906832695,0.46293453872203827
2023-01-06,0.1971686519682407,0.3398967906832695,0.46293453872203827
2023-01-07,0.1971686519682407,0.3398967906832695,0.46293453872203827
2023-01-08,0.1971686519682407,0.3398967906832695,0.46293453872203827
2023-01-09,0.1971686519682407,0.3398967906832695,0.46293453872203827
2023-01-10,0.1971686519682407,0.3398967906832695,0.46293453872203827
2023-01-11,0.1971686519682407,0.3398967906832695,0.46293453872203827
2023-01-12,0.2543195374310016,0.3533170148730278,0.39236343652009964
2023-01-13,0.132914662361145,0.3316126391291618,0.5354727506637573
2023-01-14,0.132914662361145,0.3316126391291618,0.5354727506637573
2023-01-15,0.7406734228134155,0.235649436712265,0.0236770901829004
2023-01-16,0.7406734228134155,0.235649436712265,0.0236770901829004
2023-01-17,0.2979730804051672,0.3885876451219831,0.3134392792625086
2023-01-18,0.24256489090621466,0.3593453198671341,0.39808979630470276
2023-01-19,0.24256489090621466,0.3593453198671341,0.39808979630470276
2023-01-20,0.24256489090621466,0.3593453198671341,0.39808979630470276
2023-01-21,0.24256489090621466,0.3593453198671341,0.39808979630470276
2023-01-22,0.24256489090621466,0.3593453198671341,0.39808979630470276
2023-01-23,0.24256489090621466,0.3593453198671341,0.39808979630470276
2023-01-24,0.24256489090621466,0.3593453198671341,0.39808979630470276
2023-01-25,0.24256489090621466,0.3593453198671341,0.39808979630470276
2023-01-26,0.24256489090621466,0.3593453198671341,0.39808979630470276
2023-01-27,0.24256489090621466,0.3593453198671341,0.39808979630470276
2023-01-28,0.24256489090621466,0.3593453198671341,0.39808979630470276
2023-01-29,0.24256489090621466,0.3593453198671341,0.39808979630470276
2023-01-30,0.24256489090621466,0.3593453198671341,0.39808979630470276
2023-01-31,0.24256489090621466,0.3593453198671341,0.39808979630470276
2023-02-01,0.24256489090621466,0.3593453198671341,0.39808979630470276
2023-02-02,0.24256489090621466,0.3593453198671341,0.39808979630470276
2023-02-03,0.24256489090621466,0.3593453198671341,0.39808979630470276
2023-02-04,0.24256489090621466,0.3593453198671341,0.39808979630470276
2023-02-05,0.24256489090621466,0.3593453198671341,0.39808979630470276
2023-02-06,0.24256489090621466,0.3593453198671341,0.39808979630470276
2023-02-07,0.24256489090621466,0.3593453198671341,0.39808979630470276
2023-02-08,0.24256489090621466,0.3593453198671341,0.39808979630470276
2023-02-09,0.24256489090621466,0.3593453198671341,0.39808979630470276
2023-02-10,0.24256489090621466,0.3593453198671341,0.39808979630470276
2023-02-11,0.24256489090621466,0.3593453198671341,0.39808979630470276
2023-02-12,0.24256489090621466,0.3593453198671341,0.39808979630470276
2023-02-13,0.24256489090621466,0.3593453198671341,0.39808979630470276
2023-02-14,0.24256489090621466,0.3593453198671341,0.39808979630470276
2023-02-15,0.24256489090621466,0.3593453198671341,0.39808979630470276
2023-02-16,0.24256489090621466,0.3593453198671341,0.39808979630470276
2023-02-17,0.24256489090621466,0.3593453198671341,0.39808979630470276
2023-02-18,0.24256489090621466,0.3593453198671341,0.39808979630470276
2023-02-19,0.24256489090621466,0.3593453198671341,0.39808979630470276
2023-02-20,0.24256489090621466,0.3593453198671341,0.39808979630470276
2023-02-21,0.24256489090621466,0.3593453198671341,0.39808979630470276
2023-02-22,0.24256489090621466,0.3593453198671341,0.39808979630470276
2023-02-23,0.24256489090621466,0.3593453198671341,0.39808979630470276
2023-02-24,0.24256489090621466,0.3593453198671341,0.39808979630470276
2023-02-25,0.24256489090621466,0.3593453198671341,0.39808979630470276
2023-02-26,0.24256489090621466,0.3593453198671341,0.39808979630470276
2023-02-27,0.24256489090621466,0.3593453198671341,0.39808979630470276
2023-02-28,0.24256489090621466,0.3593453198671341,0.39808979630470276
2023-03-01,0.24256489090621466,0.3593453198671341,0.39808979630470276
2023-03-02,0.24256489090621466,0.3593453198671341,0.39808979630470276
2023-03-03,0.24256489090621466,0.3593453198671341,0.39808979630470276
2023-03-04,0.24256489090621466,0.3593453198671341,0.39808979630470276
2023-03-05,0.24256489090621466,0.3593453198671341,0.39808979630470276
2023-03-06,0.24256489090621466,0.3593453198671341,0.39808979630470276
2023-03-07,0.24256489090621466,0.3593453198671341,0.39808979630470276
2023-03-08,0.24256489090621466,0.3593453198671341,0.39808979630470276
2023-03-09,0.24256489090621466,0.3593453198671341,0.39808979630470276
2023-03-10,0.24256489090621466,0.3593453198671341,0.39808979630470276
2023-03-11,0.24256489090621466,0.3593453198671341,0.39808979630470276
2023-03-12,0.24256489090621466,0.3593453198671341,0.39808979630470276
2023-03-13,0.24256489090621466,0.3593453198671341,0.39808979630470276
2023-03-14,0.24256489090621466,0.3593453198671341,0.39808979630470276
2023-03-15,0.24256489090621466,0.3593453198671341,0.39808979630470276
2023-03-16,0.22418767867096953,0.3279171852745872,0.44789513246412727
2023-03-17,0.14243049143503106,0.40004663438432747,0.45752285172541934
2023-03-18,0.13572152269383267,0.4449137548605601,0.4193647454182307
2023-03-19,0.13572152269383267,0.4449137548605601,0.4193647454182307
2023-03-20,0.13572152269383267,0.4449137548605601,0.4193647454182307
2023-03-21,0.13572152269383267,0.4449137548605601,0.4193647454182307
2023-03-22,0.13572152269383267,0.4449137548605601,0.4193647454182307
2023-03-23,0.13572152269383267,0.4449137548605601,0.4193647454182307
2023-03-24,0.13572152269383267,0.4449137548605601,0.4193647454182307
2023-03-25,0.13572152269383267,0.4449137548605601,0.4193647454182307
2023-03-26,0.13572152269383267,0.4449137548605601,0.4193647454182307
2023-03-27,0.13572152269383267,0.4449137548605601,0.4193647454182307
2023-03-28,0.13572152269383267,0.4449137548605601,0.4193647454182307
2023-03-29,0.13572152269383267,0.4449137548605601,0.4193647454182307
2023-03-30,0.13572152269383267,0.4449137548605601,0.4193647454182307
2023-03-31,0.13572152269383267,0.4449137548605601,0.4193647454182307
2023-04-01,0.13572152269383267,0.4449137548605601,0.4193647454182307
2023-04-02,0.13572152269383267,0.4449137548605601,0.4193647454182307
2023-04-03,0.13572152269383267,0.4449137548605601,0.4193647454182307
2023-04-04,0.13572152269383267,0.4449137548605601,0.4193647454182307
2023-04-05,0.13572152269383267,0.4449137548605601,0.4193647454182307
2023-04-06,0.13572152269383267,0.4449137548605601,0.4193647454182307
2023-04-07,0.13572152269383267,0.4449137548605601,0.4193647454182307
2023-04-08,0.13572152269383267,0.4449137548605601,0.4193647454182307
2023-04-09,0.13572152269383267,0.4449137548605601,0.4193647454182307
2023-04-10,0.13572152269383267,0.4449137548605601,0.4193647454182307
2023-04-11,0.13572152269383267,0.4449137548605601,0.4193647454182307
2023-04-12,0.19597231317311523,0.33298297102252644,0.47104472915331524
2023-04-13,0.3858065580328305,0.2850710203250249,0.3291224154333273
2023-04-14,0.25842643156647677,0.5631870478391647,0.17838653922080988
2023-04-15,0.0299498792737722,0.1083014905452728,0.8617486953735352
2023-04-16,0.0299498792737722,0.1083014905452728,0.8617486953735352
2023-04-17,0.0299498792737722,0.1083014905452728,0.8617486953735352
2023-04-18,0.431507796049118,0.4089747071266174,0.1595174521207809
2023-04-19,0.431507796049118,0.4089747071266174,0.1595174521207809
2023-04-20,0.431507796049118,0.4089747071266174,0.1595174521207809
2023-04-21,0.431507796049118,0.4089747071266174,0.1595174521207809
2023-04-22,0.431507796049118,0.4089747071266174,0.1595174521207809
2023-04-23,0.431507796049118,0.4089747071266174,0.1595174521207809
2023-04-24,0.431507796049118,0.4089747071266174,0.1595174521207809
2023-04-25,0.431507796049118,0.4089747071266174,0.1595174521207809
2023-04-26,0.431507796049118,0.4089747071266174,0.1595174521207809
2023-04-27,0.431507796049118,0.4089747071266174,0.1595174521207809
2023-04-28,0.431507796049118,0.4089747071266174,0.1595174521207809
2023-04-29,0.431507796049118,0.4089747071266174,0.1595174521207809
2023-04-30,0.431507796049118,0.4089747071266174,0.1595174521207809
2023-05-01,0.431507796049118,0.4089747071266174,0.1595174521207809
2023-05-02,0.431507796049118,0.4089747071266174,0.1595174521207809
2023-05-03,0.431507796049118,0.4089747071266174,0.1595174521207809
2023-05-04,0.431507796049118,0.4089747071266174,0.1595174521207809
2023-05-05,0.431507796049118,0.4089747071266174,0.1595174521207809
2023-05-06,0.431507796049118,0.4089747071266174,0.1595174521207809
2023-05-07,0.431507796049118,0.4089747071266174,0.1595174521207809
2023-05-08,0.431507796049118,0.4089747071266174,0.1595174521207809
2023-05-09,0.431507796049118,0.4089747071266174,0.1595174521207809
2023-05-10,0.431507796049118,0.4089747071266174,0.1595174521207809
2023-05-11,0.431507796049118,0.4089747071266174,0.1595174521207809
2023-05-12,0.431507796049118,0.4089747071266174,0.1595174521207809
2023-05-13,0.431507796049118,0.4089747071266174,0.1595174521207809
2023-05-14,0.431507796049118,0.4089747071266174,0.1595174521207809
2023-05-15,0.431507796049118,0.4089747071266174,0.1595174521207809
2023-05-16,0.431507796049118,0.4089747071266174,0.1595174521207809
2023-05-17,0.431507796049118,0.4089747071266174,0.1595174521207809
2023-05-18,0.431507796049118,0.4089747071266174,0.1595174521207809
2023-05-19,0.431507796049118,0.4089747071266174,0.1595174521207809
2023-05-20,0.431507796049118,0.4089747071266174,0.1595174521207809
2023-05-21,0.431507796049118,0.4089747071266174,0.1595174521207809
2023-05-22,0.431507796049118,0.4089747071266174,0.1595174521207809
2023-05-23,0.431507796049118,0.4089747071266174,0.1595174521207809
2023-05-24,0.431507796049118,0.4089747071266174,0.1595174521207809
2023-05-25,0.431507796049118,0.4089747071266174,0.1595174521207809
2023-05-26,0.431507796049118,0.4089747071266174,0.1595174521207809
2023-05-27,0.431507796049118,0.4089747071266174,0.1595174521207809
2023-05-28,0.431507796049118,0.4089747071266174,0.1595174521207809
2023-05-29,0.431507796049118,0.4089747071266174,0.1595174521207809
2023-05-30,0.431507796049118,0.4089747071266174,0.1595174521207809
2023-05-31,0.431507796049118,0.4089747071266174,0.1595174521207809
2023-06-01,0.431507796049118,0.4089747071266174,0.1595174521207809
2023-06-02,0.431507796049118,0.4089747071266174,0.1595174521207809
2023-06-03,0.431507796049118,0.4089747071266174,0.1595174521207809
2023-06-04,0.431507796049118,0.4089747071266174,0.1595174521207809
2023-06-05,0.0324004329741001,0.0562331266701221,0.9113664031028748
2023-06-06,0.0324004329741001,0.0562331266701221,0.9113664031028748
2023-06-07,0.0324004329741001,0.0562331266701221,0.9113664031028748
2023-06-08,0.0324004329741001,0.0562331266701221,0.9113664031028748
2023-06-09,0.0324004329741001,0.0562331266701221,0.9113664031028748
2023-06-10,0.0324004329741001,0.0562331266701221,0.9113664031028748
2023-06-11,0.0324004329741001,0.0562331266701221,0.9113664031028748
2023-06-12,0.0324004329741001,0.0562331266701221,0.9113664031028748
2023-06-13,0.0324004329741001,0.0562331266701221,0.9113664031028748
2023-06-14,0.0324004329741001,0.0562331266701221,0.9113664031028748
2023-06-15,0.0324004329741001,0.0562331266701221,0.9113664031028748
2023-06-16,0.0324004329741001,0.0562331266701221,0.9113664031028748
2023-06-17,0.0324004329741001,0.0562331266701221,0.9113664031028748
2023-06-18,0.0324004329741001,0.0562331266701221,0.9113664031028748
2023-06-19,0.0324004329741001,0.0562331266701221,0.9113664031028748
2023-06-20,0.0324004329741001,0.0562331266701221,0.9113664031028748
2023-06-21,0.0324004329741001,0.0562331266701221,0.9113664031028748
2023-06-22,0.10909596333901084,0.47444817423820496,0.41645587980747223
2023-06-23,0.1373555958271026,0.3641669303178787,0.4984774589538574
2023-06-24,0.5348204970359802,0.2458166927099228,0.2193627953529358
2023-06-25,0.5348204970359802,0.2458166927099228,0.2193627953529358
2023-06-26,0.5348204970359802,0.2458166927099228,0.2193627953529358
2023-06-27,0.5348204970359802,0.2458166927099228,0.2193627953529358
2023-06-28,0.32660865038633347,0.36199367195367815,0.31139767915010447
2023-06-29,0.17038621660321948,0.30864164605736727,0.5209721326828003
2023-06-30,0.17038621660321948,0.30864164605736727,0.5209721326828003
2023-07-01,0.17038621660321948,0.30864164605736727,0.5209721326828003
2023-07-02,0.7254732251167297,0.1503734737634658,0.1241532638669014
2023-07-03,0.7254732251167297,0.1503734737634658,0.1241532638669014
2023-07-04,0.7254732251167297,0.1503734737634658,0.1241532638669014
2023-07-05,0.7254732251167297,0.1503734737634658,0.1241532638669014
2023-07-06,0.7254732251167297,0.1503734737634658,0.1241532638669014
2023-07-07,0.7254732251167297,0.1503734737634658,0.1241532638669014
2023-07-08,0.7254732251167297,0.1503734737634658,0.1241532638669014
2023-07-09,0.7254732251167297,0.1503734737634658,0.1241532638669014
2023-07-10,0.0375483017414808,0.46753742173314095,0.49491424858570093
2023-07-11,0.2432563006877899,0.3346030712127685,0.4221405982971191
2023-07-12,0.2432563006877899,0.3346030712127685,0.4221405982971191
2023-07-13,0.2432563006877899,0.3346030712127685,0.4221405982971191
2023-07-14,0.2432563006877899,0.3346030712127685,0.4221405982971191
2023-07-15,0.2432563006877899,0.3346030712127685,0.4221405982971191
2023-07-16,0.2432563006877899,0.3346030712127685,0.4221405982971191
2023-07-17,0.2432563006877899,0.3346030712127685,0.4221405982971191
2023-07-18,0.2432563006877899,0.3346030712127685,0.4221405982971191
2023-07-19,0.2432563006877899,0.3346030712127685,0.4221405982971191
2023-07-20,0.2432563006877899,0.3346030712127685,0.4221405982971191
2023-07-21,0.2432563006877899,0.3346030712127685,0.4221405982971191
2023-07-22,0.2655607461929321,0.4246069490909576,0.3098323345184326
2023-07-23,0.2655607461929321,0.4246069490909576,0.3098323345184326
2023-07-24,0.2655607461929321,0.4246069490909576,0.3098323345184326
2023-07-25,0.2655607461929321,0.4246069490909576,0.3098323345184326
2023-07-26,0.2655607461929321,0.4246069490909576,0.3098323345184326
2023-07-27,0.2655607461929321,0.4246069490909576,0.3098323345184326
2023-07-28,0.2655607461929321,0.4246069490909576,0.3098323345184326
2023-07-29,0.2655607461929321,0.4246069490909576,0.3098323345184326
2023-07-30,0.2655607461929321,0.4246069490909576,0.3098323345184326
2023-07-31,0.09895490638583018,0.31147337819942655,0.5895717124290326
2023-08-01,0.14880062060223684,0.2542939148843288,0.5969054719640149
2023-08-02,0.19154570500055945,0.354398434360822,0.45405589540799457
2023-08-03,0.18733558307091394,0.4894409030675888,0.3232235163450241
2023-08-04,0.11938297189772126,0.3138228580355644,0.5667941719293594
2023-08-05,0.1856100559234619,0.2565265595912933,0.5578633546829224
2023-08-06,0.1856100559234619,0.2565265595912933,0.5578633546829224
2023-08-07,0.1856100559234619,0.2565265595912933,0.5578633546829224
2023-08-08,0.14642129332891526,0.37183061029229847,0.48174808493682314
2023-08-09,0.07945328950881952,0.29855020344257355,0.6219964995980263
2023-08-10,0.1612355306278914,0.21843719482421872,0.6203272826969624
2023-08-11,0.3874315157532692,0.27549433261156075,0.3370741542428732
2023-08-12,0.0838025924749672,0.2695648912340402,0.6466324925422668
2023-08-13,0.0838025924749672,0.2695648912340402,0.6466324925422668
2023-08-14,0.0838025924749672,0.2695648912340402,0.6466324925422668
2023-08-15,0.1954036355018615,0.3498876392841339,0.4547086954116821
2023-08-16,0.4518514573574066,0.3689589202404022,0.1791895925998687
2023-08-17,0.19195351953948694,0.3033369685853681,0.5047095062271241
2023-08-18,0.17523931981607646,0.2902656379155814,0.5344950480697056
2023-08-19,0.25257803400357565,0.3108121901750564,0.43660975446303685
2023-08-20,0.2061660079285502,0.3103518024086952,0.483482176810503
2023-08-21,0.19201995970474345,0.3301876021756066,0.47779245177904767
2023-08-22,0.1652251284456614,0.3363474440958464,0.4984274258216222
2023-08-23,0.17299170893701638,0.30076111325776417,0.5262471766440899
2023-08-24,0.18362775226041933,0.2832320537744907,0.5331401850440001
2023-08-25,0.15703048265757075,0.2185316434169703,0.6244378720826291
2023-08-26,0.24094176836884934,0.35824471712112427,0.40081351451002634
2023-08-27,0.27309045071403176,0.2574409674853086,0.4694685712456703
2023-08-28,0.12748879175633185,0.2650759898126125,0.6074352204799652
2023-08-29,0.15335564579193786,0.23495955268541968,0.6116848083006011
2023-08-30,0.12788358258624227,0.2741950433100423,0.5979213680951826
2023-08-31,0.14149768366901708,0.311506276442246,0.5469960536469113
2023-09-01,0.15838269702362592,0.36515603015141096,0.4764612764120102
2023-09-02,0.22848251745428724,0.28837924823164934,0.48313824087381363
2023-09-03,0.166735587020715,0.22814278552929557,0.6051216224829356
2023-09-04,0.2350086271762848,0.6000853180885315,0.1649060100317001
2023-09-05,0.16729651509030233,0.3625727546002183,0.4701307293559824
2023-09-06,0.18757173020308937,0.35158795905247164,0.46084031452205076
2023-09-07,0.2587474133161937,0.35338694076327715,0.3878656383603811
2023-09-08,0.19874675199389452,0.4186926670372486,0.38256057817488903
2023-09-09,0.3020224471886952,0.4310962458451589,0.2668813715378443
2023-09-10,0.3428859133273363,0.37594166211783886,0.28117241617292166
2023-09-11,0.14904557764530177,0.27219863086938856,0.5787557780742645
2023-09-12,0.14904557764530177,0.27219863086938856,0.5787557780742645
2023-09-13,0.0648061782121658,0.1221417933702468,0.8130519986152649
2023-09-14,0.056097928434610304,0.3380829890569051,0.6058190663655599
2023-09-15,0.1659065335988998,0.4411023259162903,0.3929911851882934
2023-09-16,0.1659065335988998,0.4411023259162903,0.3929911851882934
2023-09-17,0.1659065335988998,0.4411023259162903,0.3929911851882934
2023-09-18,0.0320987105369567,0.3903013169765472,0.5775999426841736
2023-09-19,0.1320602297782898,0.6831822991371155,0.1847575455904007
2023-09-20,0.0922797098755836,0.2823821008205414,0.6253381967544556
2023-09-21,0.0617594122886657,0.1468340456485748,0.7914065718650818
2023-09-22,0.0617594122886657,0.1468340456485748,0.7914065718650818
2023-09-23,0.2291588187217712,0.5032169818878174,0.2676242589950561
2023-09-24,0.2291588187217712,0.5032169818878174,0.2676242589950561
2023-09-25,0.21460413932800293,0.4043381065130234,0.3810577243566513
2023-09-26,0.7890342473983765,0.1587202996015548,0.0522454679012298
2023-09-27,0.254532128572464,0.3771127462387085,0.3683551251888275
2023-09-28,0.254532128572464,0.3771127462387085,0.3683551251888275
2023-09-29,0.254532128572464,0.3771127462387085,0.3683551251888275
2023-09-30,0.254532128572464,0.3771127462387085,0.3683551251888275
2023-10-01,0.254532128572464,0.3771127462387085,0.3683551251888275
2023-10-02,0.254532128572464,0.3771127462387085,0.3683551251888275
2023-10-03,0.254532128572464,0.3771127462387085,0.3683551251888275
2023-10-04,0.254532128572464,0.3771127462387085,0.3683551251888275
2023-10-05,0.254532128572464,0.3771127462387085,0.3683551251888275
2023-10-06,0.254532128572464,0.3771127462387085,0.3683551251888275
2023-10-07,0.18671561398565073,0.30257122261926184,0.5107131724267505
2023-10-08,0.14298304922080463,0.3320256735397769,0.5249912771063724
2023-10-09,0.13267907407134769,0.24436152726411814,0.6229593902826309
2023-10-10,0.11501072067767378,0.34005847945809364,0.5449307896196842
2023-10-11,0.11501072067767378,0.34005847945809364,0.5449307896196842
2023-10-12,0.11501072067767378,0.34005847945809364,0.5449307896196842
2023-10-13,0.11501072067767378,0.34005847945809364,0.5449307896196842
2023-10-14,0.11501072067767378,0.34005847945809364,0.5449307896196842
2023-10-15,0.11501072067767378,0.34005847945809364,0.5449307896196842
2023-10-16,0.11501072067767378,0.34005847945809364,0.5449307896196842
2023-10-17,0.11501072067767378,0.34005847945809364,0.5449307896196842
2023-10-18,0.11501072067767378,0.34005847945809364,0.5449307896196842
2023-10-19,0.0369670130312442,0.1072987243533134,0.8557342290878296
2023-10-20,0.2226806730031967,0.3886834681034088,0.3886358439922333
2023-10-21,0.2226806730031967,0.3886834681034088,0.3886358439922333
2023-10-22,0.2226806730031967,0.3886834681034088,0.3886358439922333
2023-10-23,0.2226806730031967,0.3886834681034088,0.3886358439922333
2023-10-24,0.2226806730031967,0.3886834681034088,0.3886358439922333
2023-10-25,0.2226806730031967,0.3886834681034088,0.3886358439922333
2023-10-26,0.2226806730031967,0.3886834681034088,0.3886358439922333
2023-10-27,0.2226806730031967,0.3886834681034088,0.3886358439922333
2023-10-28,0.2226806730031967,0.3886834681034088,0.3886358439922333
2023-10-29,0.2226806730031967,0.3886834681034088,0.3886358439922333
2023-10-30,0.2226806730031967,0.3886834681034088,0.3886358439922333
2023-10-31,0.2226806730031967,0.3886834681034088,0.3886358439922333
2023-11-01,0.2226806730031967,0.3886834681034088,0.3886358439922333
2023-11-02,0.2226806730031967,0.3886834681034088,0.3886358439922333
2023-11-03,0.2226806730031967,0.3886834681034088,0.3886358439922333
2023-11-04,0.2226806730031967,0.3886834681034088,0.3886358439922333
2023-11-05,0.2226806730031967,0.3886834681034088,0.3886358439922333
2023-11-06,0.313711017370224,0.4814931750297546,0.2047957926988601
2023-11-07,0.313711017370224,0.4814931750297546,0.2047957926988601
2023-11-08,0.313711017370224,0.4814931750297546,0.2047957926988601
2023-11-09,0.313711017370224,0.4814931750297546,0.2047957926988601
2023-11-10,0.0541193448007106,0.8212864995002747,0.1245941370725631
2023-11-11,0.0541193448007106,0.8212864995002747,0.1245941370725631
2023-11-12,0.0541193448007106,0.8212864995002747,0.1245941370725631
2023-11-13,0.0490208603441715,0.2327737510204315,0.718205451965332
2023-11-14,0.0490208603441715,0.2327737510204315,0.718205451965332
2023-11-15,0.0490208603441715,0.2327737510204315,0.718205451965332
2023-11-16,0.3837327361106872,0.3369981050491333,0.2792691886425018
2023-11-17,0.3837327361106872,0.3369981050491333,0.2792691886425018
2023-11-18,0.3837327361106872,0.3369981050491333,0.2792691886425018
2023-11-19,0.3837327361106872,0.3369981050491333,0.2792691886425018
2023-11-20,0.3837327361106872,0.3369981050491333,0.2792691886425018
2023-11-21,0.3837327361106872,0.3369981050491333,0.2792691886425018
2023-11-22,0.3837327361106872,0.3369981050491333,0.2792691886425018
2023-11-23,0.3837327361106872,0.3369981050491333,0.2792691886425018
2023-11-24,0.3837327361106872,0.3369981050491333,0.2792691886425018
2023-11-25,0.3837327361106872,0.3369981050491333,0.2792691886425018
2023-11-26,0.17577330011408773,0.3514536232687533,0.47277307137846947
2023-11-27,0.4034534096717834,0.3332578539848327,0.2632887959480285
2023-11-28,0.25583880543708803,0.38945862352848054,0.3547025620937347
2023-11-29,0.33997872471809387,0.3771374225616455,0.28288383036851883
2023-11-30,0.2345980703830719,0.276092529296875,0.4893093407154083
2023-12-01,0.2345980703830719,0.276092529296875,0.4893093407154083
2023-12-02,0.4335554242134094,0.3649192750453949,0.201525330543518
2023-12-03,0.4335554242134094,0.3649192750453949,0.201525330543518
2023-12-04,0.4335554242134094,0.3649192750453949,0.201525330543518
2023-12-05,0.4335554242134094,0.3649192750453949,0.201525330543518
2023-12-06,0.4335554242134094,0.3649192750453949,0.201525330543518
2023-12-07,0.4335554242134094,0.3649192750453949,0.201525330543518
2023-12-08,0.21130045317113394,0.29152041859924793,0.49717916548252106
2023-12-09,0.0451759956777095,0.120369367301464,0.8344546556472778
2023-12-10,0.2259772270917892,0.3834786415100097,0.3905440866947174
2023-12-11,0.2259772270917892,0.3834786415100097,0.3905440866947174
2023-12-12,0.5904257893562317,0.3101949393749237,0.0993793159723281
2023-12-13,0.5904257893562317,0.3101949393749237,0.0993793159723281
2023-12-14,0.5904257893562317,0.3101949393749237,0.0993793159723281
2023-12-15,0.5904257893562317,0.3101949393749237,0.0993793159723281
2023-12-16,0.5904257893562317,0.3101949393749237,0.0993793159723281
2023-12-17,0.5904257893562317,0.3101949393749237,0.0993793159723281
2023-12-18,0.5904257893562317,0.3101949393749237,0.0993793159723281
2023-12-19,0.5904257893562317,0.3101949393749237,0.0993793159723281
2023-12-20,0.5904257893562317,0.3101949393749237,0.0993793159723281
2023-12-21,0.5904257893562317,0.3101949393749237,0.0993793159723281
2023-12-22,0.5904257893562317,0.3101949393749237,0.0993793159723281
2023-12-23,0.5904257893562317,0.3101949393749237,0.0993793159723281
2023-12-24,0.5904257893562317,0.3101949393749237,0.0993793159723281
2023-12-25,0.5904257893562317,0.3101949393749237,0.0993793159723281
2023-12-26,0.5904257893562317,0.3101949393749237,0.0993793159723281
2023-12-27,0.5904257893562317,0.3101949393749237,0.0993793159723281
2023-12-28,0.5904257893562317,0.3101949393749237,0.0993793159723281
2023-12-29,0.5904257893562317,0.3101949393749237,0.0993793159723281
2023-12-30,0.5904257893562317,0.3101949393749237,0.0993793159723281
2023-12-31,0.5904257893562317,0.3101949393749237,0.0993793159723281
2024-01-01,0.5904257893562317,0.3101949393749237,0.0993793159723281
2024-01-02,0.5904257893562317,0.3101949393749237,0.0993793159723281
2024-01-03,0.5904257893562317,0.3101949393749237,0.0993793159723281
2024-01-04,0.5904257893562317,0.3101949393749237,0.0993793159723281
2024-01-05,0.5904257893562317,0.3101949393749237,0.0993793159723281
2024-01-06,0.5904257893562317,0.3101949393749237,0.0993793159723281
2024-01-07,0.5904257893562317,0.3101949393749237,0.0993793159723281
2024-01-08,0.5904257893562317,0.3101949393749237,0.0993793159723281
2024-01-09,0.5904257893562317,0.3101949393749237,0.0993793159723281
2024-01-10,0.5904257893562317,0.3101949393749237,0.0993793159723281
2024-01-11,0.5904257893562317,0.3101949393749237,0.0993793159723281
2024-01-12,0.5904257893562317,0.3101949393749237,0.0993793159723281
2024-01-13,0.5904257893562317,0.3101949393749237,0.0993793159723281
2024-01-14,0.5904257893562317,0.3101949393749237,0.0993793159723281
2024-01-15,0.5904257893562317,0.3101949393749237,0.0993793159723281
2024-01-16,0.5904257893562317,0.3101949393749237,0.0993793159723281
2024-01-17,0.5904257893562317,0.3101949393749237,0.0993793159723281
2024-01-18,0.5904257893562317,0.3101949393749237,0.0993793159723281
2024-01-19,0.5904257893562317,0.3101949393749237,0.0993793159723281
2024-01-20,0.5904257893562317,0.3101949393749237,0.0993793159723281
2024-01-21,0.5904257893562317,0.3101949393749237,0.0993793159723281
2024-01-22,0.5904257893562317,0.3101949393749237,0.0993793159723281
2024-01-23,0.5904257893562317,0.3101949393749237,0.0993793159723281
2024-01-24,0.5904257893562317,0.3101949393749237,0.0993793159723281
2024-01-25,0.5904257893562317,0.3101949393749237,0.0993793159723281
2024-01-26,0.5904257893562317,0.3101949393749237,0.0993793159723281
2024-01-27,0.5904257893562317,0.3101949393749237,0.0993793159723281
2024-01-28,0.5904257893562317,0.3101949393749237,0.0993793159723281
2024-01-29,0.5904257893562317,0.3101949393749237,0.0993793159723281
2024-01-30,0.5904257893562317,0.3101949393749237,0.0993793159723281
2024-01-31,0.5904257893562317,0.3101949393749237,0.0993793159723281
2024-02-01,0.5904257893562317,0.3101949393749237,0.0993793159723281
2024-02-02,0.5904257893562317,0.3101949393749237,0.0993793159723281
2024-02-03,0.5904257893562317,0.3101949393749237,0.0993793159723281
2024-02-04,0.5904257893562317,0.3101949393749237,0.0993793159723281
2024-02-05,0.5904257893562317,0.3101949393749237,0.0993793159723281
2024-02-06,0.5904257893562317,0.3101949393749237,0.0993793159723281
2024-02-07,0.5904257893562317,0.3101949393749237,0.0993793159723281
2024-02-08,0.5904257893562317,0.3101949393749237,0.0993793159723281
2024-02-09,0.5904257893562317,0.3101949393749237,0.0993793159723281
2024-02-10,0.5904257893562317,0.3101949393749237,0.0993793159723281
2024-02-11,0.5904257893562317,0.3101949393749237,0.0993793159723281
2024-02-12,0.5904257893562317,0.3101949393749237,0.0993793159723281
2024-02-13,0.2953123152256012,0.4491549432277679,0.2555327415466308
2024-02-14,0.2953123152256012,0.4491549432277679,0.2555327415466308
2024-02-15,0.2953123152256012,0.4491549432277679,0.2555327415466308
2024-02-16,0.2953123152256012,0.4491549432277679,0.2555327415466308
2024-02-17,0.2953123152256012,0.4491549432277679,0.2555327415466308
2024-02-18,0.2953123152256012,0.4491549432277679,0.2555327415466308
2024-02-19,0.2953123152256012,0.4491549432277679,0.2555327415466308
2024-02-20,0.2953123152256012,0.4491549432277679,0.2555327415466308
2024-02-21,0.2953123152256012,0.4491549432277679,0.2555327415466308
2024-02-22,0.2953123152256012,0.4491549432277679,0.2555327415466308
2024-02-23,0.2953123152256012,0.4491549432277679,0.2555327415466308
2024-02-24,0.2953123152256012,0.4491549432277679,0.2555327415466308
2024-02-25,0.2953123152256012,0.4491549432277679,0.2555327415466308
2024-02-26,0.15186976045370099,0.2433575995266437,0.6047726377844811
2024-02-27,0.0360350795090198,0.1226837337017059,0.8412811756134033
2024-02-28,0.1918156892061233,0.1943396031856537,0.6138446927070618
2024-02-29,0.1918156892061233,0.1943396031856537,0.6138446927070618
2024-03-01,0.0522746630012989,0.1143683791160583,0.8333569765090942
2024-03-02,0.0522746630012989,0.1143683791160583,0.8333569765090942
2024-03-03,0.0522746630012989,0.1143683791160583,0.8333569765090942
2024-03-04,0.0522746630012989,0.1143683791160583,0.8333569765090942
2024-03-05,0.0522746630012989,0.1143683791160583,0.8333569765090942
2024-03-06,0.0522746630012989,0.1143683791160583,0.8333569765090942
2024-03-07,0.1578543335199356,0.3046810626983642,0.5374645590782166
2024-03-08,0.1578543335199356,0.3046810626983642,0.5374645590782166
2024-03-09,0.1578543335199356,0.3046810626983642,0.5374645590782166
2024-03-10,0.1578543335199356,0.3046810626983642,0.5374645590782166
2024-03-11,0.1578543335199356,0.3046810626983642,0.5374645590782166
2024-03-12,0.1578543335199356,0.3046810626983642,0.5374645590782166
2024-03-13,0.1578543335199356,0.3046810626983642,0.5374645590782166
2024-03-14,0.1578543335199356,0.3046810626983642,0.5374645590782166
2024-03-15,0.1578543335199356,0.3046810626983642,0.5374645590782166
2024-03-16,0.1578543335199356,0.3046810626983642,0.5374645590782166
2024-03-17,0.1578543335199356,0.3046810626983642,0.5374645590782166
2024-03-18,0.1578543335199356,0.3046810626983642,0.5374645590782166
2024-03-19,0.1578543335199356,0.3046810626983642,0.5374645590782166
2024-03-20,0.1578543335199356,0.3046810626983642,0.5374645590782166
2024-03-21,0.1578543335199356,0.3046810626983642,0.5374645590782166
2024-03-22,0.1578543335199356,0.3046810626983642,0.5374645590782166
2024-03-23,0.1578543335199356,0.3046810626983642,0.5374645590782166
2024-03-24,0.1578543335199356,0.3046810626983642,0.5374645590782166
2024-03-25,0.1578543335199356,0.3046810626983642,0.5374645590782166
2024-03-26,0.1578543335199356,0.3046810626983642,0.5374645590782166
2024-03-27,0.1578543335199356,0.3046810626983642,0.5374645590782166
2024-03-28,0.1578543335199356,0.3046810626983642,0.5374645590782166
2024-03-29,0.1578543335199356,0.3046810626983642,0.5374645590782166
2024-03-30,0.1578543335199356,0.3046810626983642,0.5374645590782166
2024-03-31,0.1578543335199356,0.3046810626983642,0.5374645590782166
2024-04-01,0.37153578446143204,0.2883653138522748,0.34009892107160006
2024-04-02,0.23848532910148298,0.33798423310120895,0.4235304410258929
2024-04-03,0.13838763873685486,0.4031404595483433,0.45847187936306
2024-04-04,0.13838763873685486,0.4031404595483433,0.45847187936306
2024-04-05,0.1704851984977722,0.3310376666486263,0.49847717583179474
2024-04-06,0.1704851984977722,0.3310376666486263,0.49847717583179474
2024-04-07,0.1704851984977722,0.3310376666486263,0.49847717583179474
2024-04-08,0.1704851984977722,0.3310376666486263,0.49847717583179474
2024-04-09,0.1704851984977722,0.3310376666486263,0.49847717583179474
2024-04-10,0.1704851984977722,0.3310376666486263,0.49847717583179474
2024-04-11,0.1704851984977722,0.3310376666486263,0.49847717583179474
2024-04-12,0.1704851984977722,0.3310376666486263,0.49847717583179474
2024-04-13,0.1704851984977722,0.3310376666486263,0.49847717583179474
2024-04-14,0.1704851984977722,0.3310376666486263,0.49847717583179474
2024-04-15,0.1704851984977722,0.3310376666486263,0.49847717583179474
2024-04-16,0.1704851984977722,0.3310376666486263,0.49847717583179474
2024-04-17,0.1704851984977722,0.3310376666486263,0.49847717583179474
2024-04-18,0.1704851984977722,0.3310376666486263,0.49847717583179474
2024-04-19,0.1704851984977722,0.3310376666486263,0.49847717583179474
2024-04-20,0.1704851984977722,0.3310376666486263,0.49847717583179474
2024-04-21,0.1704851984977722,0.3310376666486263,0.49847717583179474
2024-04-22,0.1704851984977722,0.3310376666486263,0.49847717583179474
2024-04-23,0.1704851984977722,0.3310376666486263,0.49847717583179474
2024-04-24,0.1704851984977722,0.3310376666486263,0.49847717583179474
2024-04-25,0.1704851984977722,0.3310376666486263,0.49847717583179474
2024-04-26,0.1704851984977722,0.3310376666486263,0.49847717583179474
2024-04-27,0.1704851984977722,0.3310376666486263,0.49847717583179474
2024-04-28,0.1704851984977722,0.3310376666486263,0.49847717583179474
2024-04-29,0.1704851984977722,0.3310376666486263,0.49847717583179474
2024-04-30,0.1704851984977722,0.3310376666486263,0.49847717583179474
2024-05-01,0.1704851984977722,0.3310376666486263,0.49847717583179474
2024-05-02,0.1704851984977722,0.3310376666486263,0.49847717583179474
2024-05-03,0.1704851984977722,0.3310376666486263,0.49847717583179474
2024-05-04,0.1704851984977722,0.3310376666486263,0.49847717583179474
2024-05-05,0.1704851984977722,0.3310376666486263,0.49847717583179474
2024-05-06,0.5129696130752563,0.2545497417449951,0.2324806153774261
2024-05-07,0.5129696130752563,0.2545497417449951,0.2324806153774261
2024-05-08,0.5129696130752563,0.2545497417449951,0.2324806153774261
2024-05-09,0.5129696130752563,0.2545497417449951,0.2324806153774261
2024-05-10,0.5129696130752563,0.2545497417449951,0.2324806153774261
2024-05-11,0.5129696130752563,0.2545497417449951,0.2324806153774261
2024-05-12,0.5129696130752563,0.2545497417449951,0.2324806153774261
2024-05-13,0.5129696130752563,0.2545497417449951,0.2324806153774261
2024-05-14,0.5129696130752563,0.2545497417449951,0.2324806153774261
2024-05-15,0.5129696130752563,0.2545497417449951,0.2324806153774261
2024-05-16,0.5129696130752563,0.2545497417449951,0.2324806153774261
2024-05-17,0.5129696130752563,0.2545497417449951,0.2324806153774261
2024-05-18,0.5129696130752563,0.2545497417449951,0.2324806153774261
2024-05-19,0.5129696130752563,0.2545497417449951,0.2324806153774261
2024-05-20,0.5129696130752563,0.2545497417449951,0.2324806153774261
2024-05-21,0.5129696130752563,0.2545497417449951,0.2324806153774261
2024-05-22,0.5129696130752563,0.2545497417449951,0.2324806153774261
2024-05-23,0.5129696130752563,0.2545497417449951,0.2324806153774261
2024-05-24,0.5129696130752563,0.2545497417449951,0.2324806153774261
2024-05-25,0.5129696130752563,0.2545497417449951,0.2324806153774261
2024-05-26,0.5129696130752563,0.2545497417449951,0.2324806153774261
2024-05-27,0.5129696130752563,0.2545497417449951,0.2324806153774261
2024-05-28,0.5129696130752563,0.2545497417449951,0.2324806153774261
2024-05-29,0.5129696130752563,0.2545497417449951,0.2324806153774261
2024-05-30,0.5129696130752563,0.2545497417449951,0.2324806153774261
2024-05-31,0.5129696130752563,0.2545497417449951,0.2324806153774261
2024-06-01,0.5129696130752563,0.2545497417449951,0.2324806153774261
2024-06-02,0.5129696130752563,0.2545497417449951,0.2324806153774261
2024-06-03,0.5129696130752563,0.2545497417449951,0.2324806153774261
2024-06-04,0.5129696130752563,0.2545497417449951,0.2324806153774261
2024-06-05,0.5129696130752563,0.2545497417449951,0.2324806153774261
2024-06-06,0.5129696130752563,0.2545497417449951,0.2324806153774261
2024-06-07,0.5129696130752563,0.2545497417449951,0.2324806153774261
2024-06-08,0.5129696130752563,0.2545497417449951,0.2324806153774261
2024-06-09,0.5129696130752563,0.2545497417449951,0.2324806153774261
2024-06-10,0.5129696130752563,0.2545497417449951,0.2324806153774261
2024-06-11,0.5129696130752563,0.2545497417449951,0.2324806153774261
2024-06-12,0.5129696130752563,0.2545497417449951,0.2324806153774261
2024-06-13,0.5129696130752563,0.2545497417449951,0.2324806153774261
2024-06-14,0.5129696130752563,0.2545497417449951,0.2324806153774261
2024-06-15,0.5129696130752563,0.2545497417449951,0.2324806153774261
2024-06-16,0.5129696130752563,0.2545497417449951,0.2324806153774261
2024-06-17,0.5129696130752563,0.2545497417449951,0.2324806153774261
2024-06-18,0.5129696130752563,0.2545497417449951,0.2324806153774261
2024-06-19,0.5129696130752563,0.2545497417449951,0.2324806153774261
2024-06-20,0.5129696130752563,0.2545497417449951,0.2324806153774261
2024-06-21,0.5129696130752563,0.2545497417449951,0.2324806153774261
2024-06-22,0.5129696130752563,0.2545497417449951,0.2324806153774261
2024-06-23,0.5129696130752563,0.2545497417449951,0.2324806153774261
2024-06-24,0.5129696130752563,0.2545497417449951,0.2324806153774261
2024-06-25,0.5129696130752563,0.2545497417449951,0.2324806153774261
2024-06-26,0.5129696130752563,0.2545497417449951,0.2324806153774261
2024-06-27,0.5129696130752563,0.2545497417449951,0.2324806153774261
2024-06-28,0.5129696130752563,0.2545497417449951,0.2324806153774261
2024-06-29,0.5129696130752563,0.2545497417449951,0.2324806153774261
2024-06-30,0.5129696130752563,0.2545497417449951,0.2324806153774261
2024-07-01,0.5129696130752563,0.2545497417449951,0.2324806153774261
2024-07-02,0.5129696130752563,0.2545497417449951,0.2324806153774261
2024-07-03,0.5129696130752563,0.2545497417449951,0.2324806153774261
2024-07-04,0.5129696130752563,0.2545497417449951,0.2324806153774261
2024-07-05,0.5129696130752563,0.2545497417449951,0.2324806153774261
2024-07-06,0.5129696130752563,0.2545497417449951,0.2324806153774261
2024-07-07,0.5129696130752563,0.2545497417449951,0.2324806153774261
2024-07-08,0.5129696130752563,0.2545497417449951,0.2324806153774261
2024-07-09,0.5129696130752563,0.2545497417449951,0.2324806153774261
2024-07-10,0.5129696130752563,0.2545497417449951,0.2324806153774261
2024-07-11,0.5129696130752563,0.2545497417449951,0.2324806153774261
2024-07-12,0.5129696130752563,0.2545497417449951,0.2324806153774261
2024-07-13,0.5129696130752563,0.2545497417449951,0.2324806153774261
2024-07-14,0.5129696130752563,0.2545497417449951,0.2324806153774261
2024-07-15,0.5129696130752563,0.2545497417449951,0.2324806153774261
2024-07-16,0.5129696130752563,0.2545497417449951,0.2324806153774261
2024-07-17,0.5129696130752563,0.2545497417449951,0.2324806153774261
2024-07-18,0.5129696130752563,0.2545497417449951,0.2324806153774261
2024-07-19,0.5129696130752563,0.2545497417449951,0.2324806153774261
2024-07-20,0.5129696130752563,0.2545497417449951,0.2324806153774261
2024-07-21,0.5129696130752563,0.2545497417449951,0.2324806153774261
2024-07-22,0.5129696130752563,0.2545497417449951,0.2324806153774261
2024-07-23,0.5129696130752563,0.2545497417449951,0.2324806153774261
2024-07-24,0.5129696130752563,0.2545497417449951,0.2324806153774261
2024-07-25,0.5129696130752563,0.2545497417449951,0.2324806153774261
2024-07-26,0.5129696130752563,0.2545497417449951,0.2324806153774261
2024-07-27,0.5129696130752563,0.2545497417449951,0.2324806153774261
2024-07-28,0.5129696130752563,0.2545497417449951,0.2324806153774261
2024-07-29,0.5129696130752563,0.2545497417449951,0.2324806153774261
2024-07-30,0.5129696130752563,0.2545497417449951,0.2324806153774261
2024-07-31,0.5129696130752563,0.2545497417449951,0.2324806153774261
2024-08-01,0.5129696130752563,0.2545497417449951,0.2324806153774261
2024-08-02,0.5129696130752563,0.2545497417449951,0.2324806153774261
2024-08-03,0.5129696130752563,0.2545497417449951,0.2324806153774261
2024-08-04,0.5129696130752563,0.2545497417449951,0.2324806153774261
2024-08-05,0.5129696130752563,0.2545497417449951,0.2324806153774261
2024-08-06,0.5129696130752563,0.2545497417449951,0.2324806153774261
2024-08-07,0.5129696130752563,0.2545497417449951,0.2324806153774261
2024-08-08,0.5129696130752563,0.2545497417449951,0.2324806153774261
2024-08-09,0.5129696130752563,0.2545497417449951,0.2324806153774261
2024-08-10,0.5129696130752563,0.2545497417449951,0.2324806153774261
2024-08-11,0.5129696130752563,0.2545497417449951,0.2324806153774261
2024-08-12,0.5129696130752563,0.2545497417449951,0.2324806153774261
2024-08-13,0.5129696130752563,0.2545497417449951,0.2324806153774261
2024-08-14,0.5129696130752563,0.2545497417449951,0.2324806153774261
2024-08-15,0.5129696130752563,0.2545497417449951,0.2324806153774261
2024-08-16,0.5129696130752563,0.2545497417449951,0.2324806153774261
2024-08-17,0.5129696130752563,0.2545497417449951,0.2324806153774261
2024-08-18,0.5129696130752563,0.2545497417449951,0.2324806153774261
2024-08-19,0.5129696130752563,0.2545497417449951,0.2324806153774261
2024-08-20,0.5129696130752563,0.2545497417449951,0.2324806153774261
2024-08-21,0.5129696130752563,0.2545497417449951,0.2324806153774261
2024-08-22,0.5129696130752563,0.2545497417449951,0.2324806153774261
2024-08-23,0.5129696130752563,0.2545497417449951,0.2324806153774261
2024-08-24,0.5129696130752563,0.2545497417449951,0.2324806153774261
2024-08-25,0.5129696130752563,0.2545497417449951,0.2324806153774261
2024-08-26,0.5129696130752563,0.2545497417449951,0.2324806153774261
2024-08-27,0.3514041304588318,0.5420395135879517,0.1065563559532165
2024-08-28,0.3514041304588318,0.5420395135879517,0.1065563559532165
2024-08-29,0.3514041304588318,0.5420395135879517,0.1065563559532165
2024-08-30,0.3514041304588318,0.5420395135879517,0.1065563559532165
2024-08-31,0.3514041304588318,0.5420395135879517,0.1065563559532165
2024-09-01,0.3514041304588318,0.5420395135879517,0.1065563559532165
2024-09-02,0.3514041304588318,0.5420395135879517,0.1065563559532165
2024-09-03,0.3514041304588318,0.5420395135879517,0.1065563559532165
2024-09-04,0.3514041304588318,0.5420395135879517,0.1065563559532165
2024-09-05,0.3514041304588318,0.5420395135879517,0.1065563559532165
2024-09-06,0.3514041304588318,0.5420395135879517,0.1065563559532165
2024-09-07,0.3514041304588318,0.5420395135879517,0.1065563559532165
2024-09-08,0.3514041304588318,0.5420395135879517,0.1065563559532165
2024-09-09,0.3514041304588318,0.5420395135879517,0.1065563559532165
2024-09-10,0.3514041304588318,0.5420395135879517,0.1065563559532165
2024-09-11,0.3514041304588318,0.5420395135879517,0.1065563559532165
2024-09-12,0.3514041304588318,0.5420395135879517,0.1065563559532165
2024-09-13,0.3514041304588318,0.5420395135879517,0.1065563559532165
2024-09-14,0.3514041304588318,0.5420395135879517,0.1065563559532165
2024-09-15,0.3514041304588318,0.5420395135879517,0.1065563559532165
2024-09-16,0.3514041304588318,0.5420395135879517,0.1065563559532165
2024-09-17,0.3514041304588318,0.5420395135879517,0.1065563559532165
2024-09-18,0.3514041304588318,0.5420395135879517,0.1065563559532165
2024-09-19,0.3514041304588318,0.5420395135879517,0.1065563559532165
2024-09-20,0.3514041304588318,0.5420395135879517,0.1065563559532165
2024-09-21,0.3514041304588318,0.5420395135879517,0.1065563559532165
2024-09-22,0.3514041304588318,0.5420395135879517,0.1065563559532165
2024-09-23,0.3514041304588318,0.5420395135879517,0.1065563559532165
2024-09-24,0.3514041304588318,0.5420395135879517,0.1065563559532165
2024-09-25,0.3514041304588318,0.5420395135879517,0.1065563559532165
2024-09-26,0.3514041304588318,0.5420395135879517,0.1065563559532165
2024-09-27,0.3514041304588318,0.5420395135879517,0.1065563559532165
2024-09-28,0.3514041304588318,0.5420395135879517,0.1065563559532165
2024-09-29,0.3514041304588318,0.5420395135879517,0.1065563559532165
2024-09-30,0.3514041304588318,0.5420395135879517,0.1065563559532165
2024-10-01,0.3514041304588318,0.5420395135879517,0.1065563559532165
2024-10-02,0.15530521112183726,0.2401056943668259,0.6045890582932366
2024-10-03,0.15397622932990387,0.36960257838169736,0.47642119725545246
2024-10-04,0.3051495254039764,0.354282021522522,0.340568482875824
2024-10-05,0.3051495254039764,0.354282021522522,0.340568482875824
2024-10-06,0.3051495254039764,0.354282021522522,0.340568482875824
2024-10-07,0.3051495254039764,0.354282021522522,0.340568482875824
2024-10-08,0.3051495254039764,0.354282021522522,0.340568482875824
2024-10-09,0.0279054976999759,0.0715649649500846,0.9005295038223267
2024-10-10,0.0279054976999759,0.0715649649500846,0.9005295038223267
2024-10-11,0.0279054976999759,0.0715649649500846,0.9005295038223267
2024-10-12,0.0279054976999759,0.0715649649500846,0.9005295038223267
2024-10-13,0.0279054976999759,0.0715649649500846,0.9005295038223267
2024-10-14,0.1132541075348854,0.7380932569503784,0.1486526578664779
2024-10-15,0.1132541075348854,0.7380932569503784,0.1486526578664779
2024-10-16,0.1132541075348854,0.7380932569503784,0.1486526578664779
2024-10-17,0.397351602713267,0.3745625838637352,0.2280858109394709
2024-10-18,0.1550055207063754,0.4501642440756162,0.3948302341004213
2024-10-19,0.22677691065167122,0.3114644526258895,0.4617586308404019
2024-10-20,0.20565799064934248,0.40372641533613207,0.3906155839562416
2024-10-21,0.0890907473862171,0.29059832245111467,0.6203109562397003
2024-10-22,0.1797831695526838,0.29487588107585905,0.525340986251831
2024-10-23,0.2595857419073581,0.4397558122873306,0.3006584346294403
2024-10-24,0.14564497070387,0.16717079002410168,0.6871842332184315
2024-10-25,0.14564497070387,0.16717079002410168,0.6871842332184315
2024-10-26,0.14564497070387,0.16717079002410168,0.6871842332184315
2024-10-27,0.14564497070387,0.16717079002410168,0.6871842332184315
2024-10-28,0.14564497070387,0.16717079002410168,0.6871842332184315
2024-10-29,0.14564497070387,0.16717079002410168,0.6871842332184315
2024-10-30,0.14564497070387,0.16717079002410168,0.6871842332184315
2024-10-31,0.14564497070387,0.16717079002410168,0.6871842332184315
2024-11-01,0.14564497070387,0.16717079002410168,0.6871842332184315
2024-11-02,0.14564497070387,0.16717079002410168,0.6871842332184315
2024-11-03,0.14564497070387,0.16717079002410168,0.6871842332184315
2024-11-04,0.14564497070387,0.16717079002410168,0.6871842332184315
2024-11-05,0.14564497070387,0.16717079002410168,0.6871842332184315
2024-11-06,0.14564497070387,0.16717079002410168,0.6871842332184315
2024-11-07,0.14564497070387,0.16717079002410168,0.6871842332184315
2024-11-08,0.14564497070387,0.16717079002410168,0.6871842332184315
2024-11-09,0.14564497070387,0.16717079002410168,0.6871842332184315
2024-11-10,0.14564497070387,0.16717079002410168,0.6871842332184315
2024-11-11,0.14564497070387,0.16717079002410168,0.6871842332184315
2024-11-12,0.14564497070387,0.16717079002410168,0.6871842332184315
2024-11-13,0.14564497070387,0.16717079002410168,0.6871842332184315
2024-11-14,0.14564497070387,0.16717079002410168,0.6871842332184315
2024-11-15,0.14564497070387,0.16717079002410168,0.6871842332184315
2024-11-16,0.14564497070387,0.16717079002410168,0.6871842332184315
2024-11-17,0.14564497070387,0.16717079002410168,0.6871842332184315
2024-11-18,0.14564497070387,0.16717079002410168,0.6871842332184315
2024-11-19,0.14564497070387,0.16717079002410168,0.6871842332184315
2024-11-20,0.14564497070387,0.16717079002410168,0.6871842332184315
2024-11-21,0.14564497070387,0.16717079002410168,0.6871842332184315
2024-11-22,0.14564497070387,0.16717079002410168,0.6871842332184315
2024-11-23,0.14564497070387,0.16717079002410168,0.6871842332184315
2024-11-24,0.14564497070387,0.16717079002410168,0.6871842332184315
2024-11-25,0.14564497070387,0.16717079002410168,0.6871842332184315
2024-11-26,0.14564497070387,0.16717079002410168,0.6871842332184315
2024-11-27,0.14564497070387,0.16717079002410168,0.6871842332184315
2024-11-28,0.14564497070387,0.16717079002410168,0.6871842332184315
2024-11-29,0.14564497070387,0.16717079002410168,0.6871842332184315
2024-11-30,0.14564497070387,0.16717079002410168,0.6871842332184315
2024-12-01,0.14564497070387,0.16717079002410168,0.6871842332184315
2024-12-02,0.14564497070387,0.16717079002410168,0.6871842332184315
2024-12-03,0.14564497070387,0.16717079002410168,0.6871842332184315
2024-12-04,0.14564497070387,0.16717079002410168,0.6871842332184315
2024-12-05,0.14564497070387,0.16717079002410168,0.6871842332184315
2024-12-06,0.14564497070387,0.16717079002410168,0.6871842332184315
2024-12-07,0.14564497070387,0.16717079002410168,0.6871842332184315
2024-12-08,0.14564497070387,0.16717079002410168,0.6871842332184315
2024-12-09,0.14564497070387,0.16717079002410168,0.6871842332184315
2024-12-10,0.14564497070387,0.16717079002410168,0.6871842332184315
2024-12-11,0.14564497070387,0.16717079002410168,0.6871842332184315
2024-12-12,0.14564497070387,0.16717079002410168,0.6871842332184315
2024-12-13,0.14564497070387,0.16717079002410168,0.6871842332184315
2024-12-14,0.14564497070387,0.16717079002410168,0.6871842332184315
2024-12-15,0.14564497070387,0.16717079002410168,0.6871842332184315
2024-12-16,0.14564497070387,0.16717079002410168,0.6871842332184315
2024-12-17,0.14564497070387,0.16717079002410168,0.6871842332184315
2024-12-18,0.14564497070387,0.16717079002410168,0.6871842332184315
2024-12-19,0.14564497070387,0.16717079002410168,0.6871842332184315
2024-12-20,0.14564497070387,0.16717079002410168,0.6871842332184315
2024-12-21,0.14564497070387,0.16717079002410168,0.6871842332184315
2024-12-22,0.14564497070387,0.16717079002410168,0.6871842332184315
2024-12-23,0.14564497070387,0.16717079002410168,0.6871842332184315
2024-12-24,0.14564497070387,0.16717079002410168,0.6871842332184315
2024-12-25,0.14564497070387,0.16717079002410168,0.6871842332184315
2024-12-26,0.14564497070387,0.16717079002410168,0.6871842332184315
2024-12-27,0.14564497070387,0.16717079002410168,0.6871842332184315
2024-12-28,0.14564497070387,0.16717079002410168,0.6871842332184315
2024-12-29,0.14564497070387,0.16717079002410168,0.6871842332184315
2024-12-30,0.14564497070387,0.16717079002410168,0.6871842332184315
2024-12-31,0.14564497070387,0.16717079002410168,0.6871842332184315
2025-01-01,0.14564497070387,0.16717079002410168,0.6871842332184315
2025-01-02,0.1129339709877967,0.2039089649915695,0.6831571459770203
2025-01-03,0.1129339709877967,0.2039089649915695,0.6831571459770203
2025-01-04,0.1129339709877967,0.2039089649915695,0.6831571459770203
2025-01-05,0.1129339709877967,0.2039089649915695,0.6831571459770203
2025-01-06,0.19390951832756395,0.3190884880721569,0.4870019949041307
2025-01-07,0.10890566624168836,0.27637423734579764,0.6147200848375048
2025-01-08,0.2506423592567444,0.5257879495620728,0.2235696911811828
2025-01-09,0.2506423592567444,0.5257879495620728,0.2235696911811828
2025-01-10,0.2506423592567444,0.5257879495620728,0.2235696911811828
2025-01-11,0.0259180553257465,0.1928685903549194,0.7812133431434631
2025-01-12,0.0259180553257465,0.1928685903549194,0.7812133431434631
2025-01-13,0.1007764339447021,0.1902164220809936,0.7090071439743042
2025-01-14,0.1007764339447021,0.1902164220809936,0.7090071439743042
2025-01-15,0.1007764339447021,0.1902164220809936,0.7090071439743042
2025-01-16,0.1007764339447021,0.1902164220809936,0.7090071439743042
2025-01-17,0.10286277945020365,0.22129342642923192,0.6758438050746918
2025-01-18,0.19722941890358922,0.23456811234354968,0.5682024575769902
2025-01-19,0.09780592719713843,0.3276742994785309,0.5745197931925455
2025-01-20,0.09780592719713843,0.3276742994785309,0.5745197931925455
2025-01-21,0.09549250422666465,0.296880188708504,0.6076273048917452
2025-01-22,0.02748635224997995,0.06238154321908945,0.9101321399211884
2025-01-23,0.02748635224997995,0.06238154321908945,0.9101321399211884
2025-01-24,0.02748635224997995,0.06238154321908945,0.9101321399211884
2025-01-25,0.02748635224997995,0.06238154321908945,0.9101321399211884
2025-01-26,0.0496571846306324,0.1987658888101577,0.7515769600868225
2025-01-27,0.0496571846306324,0.1987658888101577,0.7515769600868225
2025-01-28,0.226870059967041,0.3297702968120575,0.4433596730232239
2025-01-29,0.2993492186069488,0.5229114890098572,0.1777393221855163
2025-01-30,0.2993492186069488,0.5229114890098572,0.1777393221855163
2025-01-31,0.2993492186069488,0.5229114890098572,0.1777393221855163
2025-02-01,0.2993492186069488,0.5229114890098572,0.1777393221855163
2025-02-02,0.2993492186069488,0.5229114890098572,0.1777393221855163
2025-02-03,0.09290974812004069,0.29189480275943364,0.6151954531669617
2025-02-04,0.15342011689566643,0.29725416978964436,0.5493257234875972
2025-02-05,0.0502013713121414,0.2358303517103195,0.7139682173728943
2025-02-06,0.0502013713121414,0.2358303517103195,0.7139682173728943
2025-02-07,0.0502013713121414,0.2358303517103195,0.7139682173728943
2025-02-08,0.0502013713121414,0.2358303517103195,0.7139682173728943
2025-02-09,0.0502013713121414,0.2358303517103195,0.7139682173728943
2025-02-10,0.0502013713121414,0.2358303517103195,0.7139682173728943
2025-02-11,0.0502013713121414,0.2358303517103195,0.7139682173728943
2025-02-12,0.315972518408671,0.11690144985914228,0.5671260473318398
2025-02-13,0.16388816738294226,0.35249026161101127,0.483621574110455
2025-02-14,0.5206550679806816,0.13906048904908327,0.34028444929342516
2025-02-15,0.2723608911037445,0.3174029588699341,0.410236120223999
2025-02-16,0.1516548246145248,0.3190982937812805,0.5292468667030334
2025-02-17,0.1516548246145248,0.3190982937812805,0.5292468667030334
2025-02-18,0.09245524089783426,0.21327598858624694,0.694268774241209
2025-02-19,0.2094194293022155,0.4996804296970367,0.2909001111984253
2025-02-20,0.2094194293022155,0.4996804296970367,0.2909001111984253
2025-02-21,0.2094194293022155,0.4996804296970367,0.2909001111984253
2025-02-22,0.2094194293022155,0.4996804296970367,0.2909001111984253
2025-02-23,0.0501126758754253,0.8706752061843872,0.0792121440172195
2025-02-24,0.0501126758754253,0.8706752061843872,0.0792121440172195
2025-02-25,0.0501126758754253,0.8706752061843872,0.0792121440172195
2025-02-26,0.0501126758754253,0.8706752061843872,0.0792121440172195
2025-02-27,0.0501126758754253,0.8706752061843872,0.0792121440172195
2025-02-28,0.0501126758754253,0.8706752061843872,0.0792121440172195
2025-03-01,0.7225515320897102,0.1739850685219554,0.10346340311362459
2025-03-02,0.13303304724395268,0.2550535490115483,0.6119134252270063
2025-03-03,0.18259967789053916,0.33545084297657013,0.4819494754076004
2025-03-04,0.18259967789053916,0.33545084297657013,0.4819494754076004
2025-03-05,0.16526205928470838,0.336558367865972,0.49817957776861316
2025-03-06,0.3976614270359278,0.1184134557843208,0.48392512276768684
2025-03-07,0.0312473718076944,0.0491331741213798,0.9196195006370544
2025-03-08,0.13061363746722537,0.4226879725853602,0.4466984065042602
2025-03-09,0.1924052536487579,0.2538163065910339,0.5537784695625305
2025-03-10,0.11605020736654593,0.23703619837760917,0.6469135880470276
2025-03-11,0.1360002890643146,0.2866830892033047,0.5773166153166029
2025-03-12,0.1986738094128668,0.32583941332995886,0.4754867600277066
2025-03-13,0.1986738094128668,0.32583941332995886,0.4754867600277066
2025-03-14,0.13148302584886545,0.6546416580677032,0.213875338435173
2025-03-15,0.18378360942006106,0.5200349017977715,0.29618145897984505
2025-03-16,0.18378360942006106,0.5200349017977715,0.29618145897984505
2025-03-17,0.2602391140535474,0.2851552153006196,0.4546056631952524
2025-03-18,0.2602391140535474,0.2851552153006196,0.4546056631952524
2025-03-19,0.2602391140535474,0.2851552153006196,0.4546056631952524
2025-03-20,0.2602391140535474,0.2851552153006196,0.4546056631952524
2025-03-21,0.2602391140535474,0.2851552153006196,0.4546056631952524
2025-03-22,0.2602391140535474,0.2851552153006196,0.4546056631952524
2025-03-23,0.2602391140535474,0.2851552153006196,0.4546056631952524
2025-03-24,0.2602391140535474,0.2851552153006196,0.4546056631952524
2025-03-25,0.2602391140535474,0.2851552153006196,0.4546056631952524
2025-03-26,0.2602391140535474,0.2851552153006196,0.4546056631952524
2025-03-27,0.2602391140535474,0.2851552153006196,0.4546056631952524
2025-03-28,0.2602391140535474,0.2851552153006196,0.4546056631952524
2025-03-29,0.2602391140535474,0.2851552153006196,0.4546056631952524
2025-03-30,0.2602391140535474,0.2851552153006196,0.4546056631952524
2025-03-31,0.16760420202994822,0.31191799314371466,0.5204778038736048
2025-04-01,0.3415556065738201,0.20657530178626374,0.4518691450357437
2025-04-02,0.22820604468385375,0.27202650532126427,0.4997674624125163
2025-04-03,0.48393482299045076,0.32919860154736874,0.18686657320967937
2025-04-04,0.48393482299045076,0.32919860154736874,0.18686657320967937
2025-04-05,0.48393482299045076,0.32919860154736874,0.18686657320967937
2025-04-06,0.48393482299045076,0.32919860154736874,0.18686657320967937
2025-04-07,0.48393482299045076,0.32919860154736874,0.18686657320967937
2025-04-08,0.48393482299045076,0.32919860154736874,0.18686657320967937
2025-04-09,0.48393482299045076,0.32919860154736874,0.18686657320967937
2025-04-10,0.48393482299045076,0.32919860154736874,0.18686657320967937
2025-04-11,0.48393482299045076,0.32919860154736874,0.18686657320967937
2025-04-12,0.48393482299045076,0.32919860154736874,0.18686657320967937
2025-04-13,0.48393482299045076,0.32919860154736874,0.18686657320967937
2025-04-14,0.48393482299045076,0.32919860154736874,0.18686657320967937
2025-04-15,0.7504401743412018,0.15399439036846158,0.09556545540690421
2025-04-16,0.7504401743412018,0.15399439036846158,0.09556545540690421
2025-04-17,0.7504401743412018,0.15399439036846158,0.09556545540690421
2025-04-18,0.7504401743412018,0.15399439036846158,0.09556545540690421
2025-04-19,0.7504401743412018,0.15399439036846158,0.09556545540690421
2025-04-20,0.7504401743412018,0.15399439036846158,0.09556545540690421
2025-04-21,0.4404155015945434,0.2218470275402069,0.3377374410629272
2025-04-22,0.39470374584198,0.3685808479785919,0.2367154210805893
2025-04-23,0.14215447206018314,0.25274528626702786,0.6051002423732709
2025-04-24,0.12430228489554586,0.28365413472056383,0.5920435767620802
2025-04-25,0.1759901942515915,0.2782324920925829,0.545777314991662
2025-04-26,0.169020918627771,0.30973585570851964,0.5212432279800757
2025-04-27,0.2555971729258696,0.28110724439223606,0.4632955839236577
2025-04-28,0.26242680900863236,0.3009419606200286,0.43663122611386435
2025-04-29,0.2103799873962998,0.2862256936728954,0.5033943295478821
2025-04-30,0.0546150114387273,0.7660652995109558,0.17931965366005895
2025-05-01,0.22633766766105376,0.3445597299507686,0.4291026017495564
2025-05-02,0.1143307313323021,0.1986887454986572,0.6869805455207825
2025-05-03,0.2120433747768402,0.5003383159637451,0.2876183092594147
2025-05-04,0.10379441827535625,0.21035835146903986,0.6858472228050232
2025-05-05,0.10379441827535625,0.21035835146903986,0.6858472228050232
2025-05-06,0.10379441827535625,0.21035835146903986,0.6858472228050232
2025-05-07,0.183961279282812,0.2641267533181235,0.5519119859673083
2025-05-08,0.1390682047853867,0.246613102654616,0.614318706591924
2025-05-09,0.0878130048513412,0.164606899023056,0.7475801706314087
2025-05-10,0.1636658900727828,0.2623806626846393,0.5739534460008144
2025-05-11,0.2537066997694117,0.17480222880840296,0.5714910617098212
2025-05-12,0.23615960673325587,0.19807092886832023,0.5657694666749902
2025-05-13,0.35953891370445484,0.1577426446601748,0.48271845653653145
2025-05-14,0.10550677031278605,0.20080427080392835,0.6936889588832855
2025-05-15,0.181726599112153,0.5765899047255516,0.241683529689908
2025-05-16,0.103336751461029,0.3188374638557434,0.5778258442878723
2025-05-17,0.2032675594091415,0.435651570558548,0.3610808551311493
2025-05-18,0.2032675594091415,0.435651570558548,0.3610808551311493
2025-05-19,0.2032675594091415,0.435651570558548,0.3610808551311493
2025-05-20,0.2032675594091415,0.435651570558548,0.3610808551311493
2025-05-21,0.2032675594091415,0.435651570558548,0.3610808551311493
2025-05-22,0.2032675594091415,0.435651570558548,0.3610808551311493
2025-05-23,0.2032675594091415,0.435651570558548,0.3610808551311493
2025-05-24,0.2032675594091415,0.435651570558548,0.3610808551311493
2025-05-25,0.2032675594091415,0.435651570558548,0.3610808551311493
2025-05-26,0.2032675594091415,0.435651570558548,0.3610808551311493
2025-05-27,0.2032675594091415,0.435651570558548,0.3610808551311493
2025-05-28,0.2032675594091415,0.435651570558548,0.3610808551311493
2025-05-29,0.2032675594091415,0.435651570558548,0.3610808551311493
2025-05-30,0.2032675594091415,0.435651570558548,0.3610808551311493
2025-05-31,0.2032675594091415,0.435651570558548,0.3610808551311493
2025-06-01,0.2032675594091415,0.435651570558548,0.3610808551311493
2025-06-02,0.2032675594091415,0.435651570558548,0.3610808551311493
2025-06-03,0.2032675594091415,0.435651570558548,0.3610808551311493
2025-06-04,0.2032675594091415,0.435651570558548,0.3610808551311493
2025-06-05,0.2032675594091415,0.435651570558548,0.3610808551311493
2025-06-06,0.2032675594091415,0.435651570558548,0.3610808551311493
2025-06-07,0.2032675594091415,0.435651570558548,0.3610808551311493
2025-06-08,0.2032675594091415,0.435651570558548,0.3610808551311493
2025-06-09,0.2032675594091415,0.435651570558548,0.3610808551311493
2025-06-10,0.2032675594091415,0.435651570558548,0.3610808551311493
2025-06-11,0.17716812714934346,0.6649513840675354,0.1578804925084114
2025-06-12,0.17716812714934346,0.6649513840675354,0.1578804925084114
2025-06-13,0.17716812714934346,0.6649513840675354,0.1578804925084114
2025-06-14,0.17716812714934346,0.6649513840675354,0.1578804925084114
2025-06-15,0.17716812714934346,0.6649513840675354,0.1578804925084114
2025-06-16,0.17716812714934346,0.6649513840675354,0.1578804925084114
2025-06-17,0.17409902720740342,0.2337162817517916,0.5921846951047579
2025-06-18,0.168574292336901,0.2968459817270438,0.534579717554152
2025-06-19,0.6400151109617007,0.1724759630466762,0.18750892246240058
2025-06-20,0.7742592612138162,0.13184037833259651,0.0939003603819471
2025-06-21,0.8177988637577404,0.12668259746649044,0.05551852590658445
2025-06-22,0.7468023344874382,0.1584413036704063,0.09475636472925539
2025-06-23,0.5669657917072376,0.20707229938771987,0.22596192784193483
2025-06-24,0.45965088202672844,0.2396407863307817,0.30070832830981586
2025-06-25,0.5618686452507973,0.2348003126680851,0.20333103835582728
2025-06-26,0.5618686452507973,0.2348003126680851,0.20333103835582728
2025-06-27,0.5618686452507973,0.2348003126680851,0.20333103835582728
2025-06-28,0.5618686452507973,0.2348003126680851,0.20333103835582728
2025-06-29,0.0525353997945785,0.8826040029525757,0.0648605450987815
2025-06-30,0.0525353997945785,0.8826040029525757,0.0648605450987815
2025-07-01,0.15976557002535882,0.31316701854978285,0.5270674313817706
2025-07-02,0.0707392767071724,0.8564360737800598,0.0728246942162513
2025-07-03,0.0300974957644939,0.3963184356689453,0.5735840797424316
2025-07-04,0.0300974957644939,0.3963184356689453,0.5735840797424316
2025-07-05,0.0300974957644939,0.3963184356689453,0.5735840797424316
2025-07-06,0.0300974957644939,0.3963184356689453,0.5735840797424316
2025-07-07,0.14229938822487986,0.2936014431040911,0.5640991778955573
2025-07-08,0.07706648036837575,0.3197538539767265,0.603179681301117
2025-07-09,0.22120812535285947,0.22349406033754346,0.5552978068590164
2025-07-10,0.2889313697814941,0.3688520193099975,0.3422166407108307
2025-07-11,0.1211995109915733,0.2522362470626831,0.6265642046928406
2025-07-12,0.1211995109915733,0.2522362470626831,0.6265642046928406
2025-07-13,0.1211995109915733,0.2522362470626831,0.6265642046928406
2025-07-14,0.1211995109915733,0.2522362470626831,0.6265642046928406
2025-07-15,0.1211995109915733,0.2522362470626831,0.6265642046928406
2025-07-16,0.1211995109915733,0.2522362470626831,0.6265642046928406
2025-07-17,0.1211995109915733,0.2522362470626831,0.6265642046928406
2025-07-18,0.1211995109915733,0.2522362470626831,0.6265642046928406
2025-07-19,0.1211995109915733,0.2522362470626831,0.6265642046928406
2025-07-20,0.1211995109915733,0.2522362470626831,0.6265642046928406
2025-07-21,0.1211995109915733,0.2522362470626831,0.6265642046928406
2025-07-22,0.49191721700705016,0.31749281401817614,0.19058997699847588
2025-07-23,0.0832328647375106,0.7318239808082581,0.1849431097507476
2025-07-24,0.0832328647375106,0.7318239808082581,0.1849431097507476
2025-07-25,0.0832328647375106,0.7318239808082581,0.1849431097507476
2025-07-26,0.0832328647375106,0.7318239808082581,0.1849431097507476
2025-07-27,0.0832328647375106,0.7318239808082581,0.1849431097507476
2025-07-28,0.07057646289467805,0.5193404704332352,0.4100830424576998
2025-07-29,0.199231743812561,0.2424157559871673,0.5583524703979492
2025-07-30,0.199231743812561,0.2424157559871673,0.5583524703979492
2025-07-31,0.4775393716990948,0.1781599037349224,0.34430069476366043
2025-08-01,0.4775393716990948,0.1781599037349224,0.34430069476366043
2025-08-02,0.18054094351828096,0.3151524066925049,0.5043066143989563
2025-08-03,0.18054094351828096,0.3151524066925049,0.5043066143989563
2025-08-04,0.18054094351828096,0.3151524066925049,0.5043066143989563
2025-08-05,0.18054094351828096,0.3151524066925049,0.5043066143989563
2025-08-06,0.18054094351828096,0.3151524066925049,0.5043066143989563
2025-08-07,0.2534519151637428,0.3648659061444433,0.381682186926666
2025-08-08,0.2840166315436363,0.34109409153461456,0.3748892992734909
2025-08-09,0.2840166315436363,0.34109409153461456,0.3748892992734909
2025-08-10,0.2840166315436363,0.34109409153461456,0.3748892992734909
2025-08-11,0.2570677101612091,0.3110162019729614,0.4319160580635071
2025-08-12,0.2570677101612091,0.3110162019729614,0.4319160580635071
2025-08-13,0.0878737643361091,0.3819286823272705,0.5301975607872009
2025-08-14,0.0878737643361091,0.3819286823272705,0.5301975607872009
2025-08-15,0.0878737643361091,0.3819286823272705,0.5301975607872009
2025-08-16,0.0878737643361091,0.3819286823272705,0.5301975607872009
2025-08-17,0.0878737643361091,0.3819286823272705,0.5301975607872009
2025-08-18,0.0878737643361091,0.3819286823272705,0.5301975607872009
2025-08-19,0.0878737643361091,0.3819286823272705,0.5301975607872009
2025-08-20,0.0878737643361091,0.3819286823272705,0.5301975607872009
2025-08-21,0.0878737643361091,0.3819286823272705,0.5301975607872009
2025-08-22,0.3068563714623451,0.48189525306224823,0.21124833077192304
2025-08-23,0.3068563714623451,0.48189525306224823,0.21124833077192304
2025-08-24,0.3068563714623451,0.48189525306224823,0.21124833077192304
2025-08-25,0.3068563714623451,0.48189525306224823,0.21124833077192304
2025-08-26,0.3068563714623451,0.48189525306224823,0.21124833077192304
2025-08-27,0.3068563714623451,0.48189525306224823,0.21124833077192304
2025-08-28,0.3068563714623451,0.48189525306224823,0.21124833077192304
2025-08-29,0.3068563714623451,0.48189525306224823,0.21124833077192304
2025-08-30,0.3068563714623451,0.48189525306224823,0.21124833077192304
2025-08-31,0.3068563714623451,0.48189525306224823,0.21124833077192304
2025-09-01,0.3068563714623451,0.48189525306224823,0.21124833077192304
2025-09-02,0.3068563714623451,0.48189525306224823,0.21124833077192304
2025-09-03,0.3068563714623451,0.48189525306224823,0.21124833077192304
2025-09-04,0.3068563714623451,0.48189525306224823,0.21124833077192304
2025-09-05,0.3068563714623451,0.48189525306224823,0.21124833077192304
2025-09-06,0.3068563714623451,0.48189525306224823,0.21124833077192304
2025-09-07,0.3068563714623451,0.48189525306224823,0.21124833077192304
2025-09-08,0.3068563714623451,0.48189525306224823,0.21124833077192304
2025-09-09,0.3068563714623451,0.48189525306224823,0.21124833077192304
2025-09-10,0.3068563714623451,0.48189525306224823,0.21124833077192304
2025-09-11,0.3068563714623451,0.48189525306224823,0.21124833077192304
2025-09-12,0.3068563714623451,0.48189525306224823,0.21124833077192304
2025-09-13,0.3068563714623451,0.48189525306224823,0.21124833077192304
2025-09-14,0.3068563714623451,0.48189525306224823,0.21124833077192304
2025-09-15,0.3068563714623451,0.48189525306224823,0.21124833077192304
2025-09-16,0.3068563714623451,0.48189525306224823,0.21124833077192304
2025-09-17,0.3068563714623451,0.48189525306224823,0.21124833077192304
2025-09-18,0.3068563714623451,0.48189525306224823,0.21124833077192304
2025-09-19,0.3068563714623451,0.48189525306224823,0.21124833077192304
2025-09-20,0.3068563714623451,0.48189525306224823,0.21124833077192304
2025-09-21,0.3068563714623451,0.48189525306224823,0.21124833077192304
2025-09-22,0.3068563714623451,0.48189525306224823,0.21124833077192304
2025-09-23,0.3068563714623451,0.48189525306224823,0.21124833077192304
2025-09-24,0.3068563714623451,0.48189525306224823,0.21124833077192304
2025-09-25,0.3068563714623451,0.48189525306224823,0.21124833077192304
2025-09-26,0.3068563714623451,0.48189525306224823,0.21124833077192304
2025-09-27,0.1647156476974487,0.524459719657898,0.3108246922492981
2025-09-28,0.1647156476974487,0.524459719657898,0.3108246922492981
2025-09-29,0.1647156476974487,0.524459719657898,0.3108246922492981
2025-09-30,0.1647156476974487,0.524459719657898,0.3108246922492981
2025-10-01,0.1647156476974487,0.524459719657898,0.3108246922492981
2025-10-02,0.1647156476974487,0.524459719657898,0.3108246922492981
2025-10-03,0.1647156476974487,0.524459719657898,0.3108246922492981
2025-10-04,0.1647156476974487,0.524459719657898,0.3108246922492981
2025-10-05,0.1647156476974487,0.524459719657898,0.3108246922492981
2025-10-06,0.1647156476974487,0.524459719657898,0.3108246922492981
2025-10-07,0.1647156476974487,0.524459719657898,0.3108246922492981
2025-10-08,0.1647156476974487,0.524459719657898,0.3108246922492981
2025-10-09,0.1647156476974487,0.524459719657898,0.3108246922492981
2025-10-10,0.8161299228668213,0.1678274273872375,0.0160425994545221
2025-10-11,0.8161299228668213,0.1678274273872375,0.0160425994545221
2025-10-12,0.8161299228668213,0.1678274273872375,0.0160425994545221
2025-10-13,0.8161299228668213,0.1678274273872375,0.0160425994545221
2025-10-14,0.8161299228668213,0.1678274273872375,0.0160425994545221
2025-10-15,0.8161299228668213,0.1678274273872375,0.0160425994545221
2025-10-16,0.8161299228668213,0.1678274273872375,0.0160425994545221
2025-10-17,0.8161299228668213,0.1678274273872375,0.0160425994545221
2025-10-18,0.8161299228668213,0.1678274273872375,0.0160425994545221
2025-10-19,0.8161299228668213,0.1678274273872375,0.0160425994545221
2025-10-20,0.3385886450608571,0.3282952010631561,0.33311612407366437
2025-10-21,0.837077796459198,0.1165197342634201,0.0464024506509304
2025-10-22,0.2735896632075309,0.4094327539205551,0.31697759032249445
2025-10-23,0.2735896632075309,0.4094327539205551,0.31697759032249445
2025-10-24,0.2735896632075309,0.4094327539205551,0.31697759032249445
2025-10-25,0.07441664859652516,0.2881770757958293,0.6374062970280647
2025-10-26,0.0819216892123222,0.1359811276197433,0.7820972800254822
2025-10-27,0.0819216892123222,0.1359811276197433,0.7820972800254822
2025-10-28,0.0819216892123222,0.1359811276197433,0.7820972800254822
2025-10-29,0.0819216892123222,0.1359811276197433,0.7820972800254822
2025-10-30,0.3464017212390899,0.2957593202590942,0.3578389585018158
2025-10-31,0.0422788225114345,0.1643805652856826,0.7933405637741089
2025-11-01,0.18781434992949161,0.33793532351652783,0.47425032655398053
2025-11-02,0.18781434992949161,0.33793532351652783,0.47425032655398053
2025-11-03,0.18781434992949161,0.33793532351652783,0.47425032655398053
2025-11-04,0.18781434992949161,0.33793532351652783,0.47425032655398053
2025-11-05,0.08270268328487868,0.21442954283621574,0.7028677463531494
2025-11-06,0.16481216784034453,0.4241249369723456,0.4110629175390516
2025-11-07,0.0533922053873539,0.2517644464969635,0.6948433518409729
2025-11-08,0.0533922053873539,0.2517644464969635,0.6948433518409729
2025-11-09,0.0533922053873539,0.2517644464969635,0.6948433518409729
2025-11-10,0.0533922053873539,0.2517644464969635,0.6948433518409729
2025-11-11,0.0533922053873539,0.2517644464969635,0.6948433518409729
2025-11-12,0.0533922053873539,0.2517644464969635,0.6948433518409729
2025-11-13,0.0533922053873539,0.2517644464969635,0.6948433518409729
2025-11-14,0.0533922053873539,0.2517644464969635,0.6948433518409729
2025-11-15,0.0533922053873539,0.2517644464969635,0.6948433518409729
2025-11-16,0.0249798782169818,0.0667778775095939,0.9082423448562622
2025-11-17,0.0249798782169818,0.0667778775095939,0.9082423448562622
2025-11-18,0.09553467606504755,0.8071325421333313,0.09733277435104047
2025-11-19,0.2256435379385948,0.4577104449272156,0.316646009683609
2025-11-20,0.1212076321244239,0.7773386240005493,0.1014537215232849
2025-11-21,0.0663871392607688,0.7900843620300293,0.1435284316539764
2025-11-22,0.0663871392607688,0.7900843620300293,0.1435284316539764
2025-11-23,0.0663871392607688,0.7900843620300293,0.1435284316539764
2025-11-24,0.0663871392607688,0.7900843620300293,0.1435284316539764
2025-11-25,0.0663871392607688,0.7900843620300293,0.1435284316539764
2025-11-26,0.0663871392607688,0.7900843620300293,0.1435284316539764
2025-11-27,0.42368465715221,0.3643714540771076,0.2119438853114843
2025-11-28,0.0321414731442928,0.1609866768121719,0.8068718910217285
2025-11-29,0.0321414731442928,0.1609866768121719,0.8068718910217285
2025-11-30,0.0321414731442928,0.1609866768121719,0.8068718910217285
2025-12-01,0.0321414731442928,0.1609866768121719,0.8068718910217285
2025-12-02,0.0321414731442928,0.1609866768121719,0.8068718910217285
2025-12-03,0.0321414731442928,0.1609866768121719,0.8068718910217285
2025-12-04,0.0321414731442928,0.1609866768121719,0.8068718910217285
2025-12-05,0.0321414731442928,0.1609866768121719,0.8068718910217285
2025-12-06,0.0321414731442928,0.1609866768121719,0.8068718910217285
2025-12-07,0.0321414731442928,0.1609866768121719,0.8068718910217285
2025-12-08,0.0321414731442928,0.1609866768121719,0.8068718910217285
2025-12-09,0.0321414731442928,0.1609866768121719,0.8068718910217285
2025-12-10,0.1207449287176132,0.4233129620552063,0.455942153930664
2025-12-11,0.1207449287176132,0.4233129620552063,0.455942153930664
2025-12-12,0.1207449287176132,0.4233129620552063,0.455942153930664
2025-12-13,0.1207449287176132,0.4233129620552063,0.455942153930664
2025-12-14,0.1207449287176132,0.4233129620552063,0.455942153930664
2025-12-15,0.22190415300428862,0.20401309016678065,0.5740827694535255
2025-12-16,0.195742099545896,0.43527628667652607,0.3689816128462553
2025-12-17,0.16251790678749475,0.29506066503624123,0.5424214160690705
2025-12-18,0.16590978877825865,0.39430732776721317,0.43978289597564274
2025-12-19,0.15618481735388434,0.17096204559008277,0.6728531718254089
2025-12-20,0.14935569139197466,0.4209243779381116,0.4297199361026287
2025-12-21,0.0269211698323488,0.5340855121612549,0.4389933049678802
2025-12-22,0.13335904168585933,0.2683623234430949,0.5982786218325297
2025-12-23,0.2853527963161468,0.4373854100704193,0.2772618234157562
2025-12-24,0.2853527963161468,0.4373854100704193,0.2772618234157562
2025-12-25,0.2853527963161468,0.4373854100704193,0.2772618234157562
2025-12-26,0.2853527963161468,0.4373854100704193,0.2772618234157562
2025-12-27,0.21880276501178741,0.6362206339836121,0.1449766084551811
2025-12-28,0.21880276501178741,0.6362206339836121,0.1449766084551811
2025-12-29,0.21880276501178741,0.6362206339836121,0.1449766084551811
2025-12-30,0.1581184864044189,0.5671339631080627,0.2747474908828735
2025-12-31,0.1581184864044189,0.5671339631080627,0.2747474908828735
2026-01-01,0.1581184864044189,0.5671339631080627,0.2747474908828735
2026-01-02,0.1581184864044189,0.5671339631080627,0.2747474908828735
2026-01-03,0.1581184864044189,0.5671339631080627,0.2747474908828735
2026-01-04,0.1581184864044189,0.5671339631080627,0.2747474908828735
2026-01-05,0.1581184864044189,0.5671339631080627,0.2747474908828735
2026-01-06,0.0414135009050369,0.9076663851737976,0.0509201064705848
2026-01-07,0.0414135009050369,0.9076663851737976,0.0509201064705848
2026-01-08,0.0414135009050369,0.9076663851737976,0.0509201064705848
2026-01-09,0.1435524374246597,0.5961090326309204,0.2603384554386139
2026-01-10,0.1435524374246597,0.5961090326309204,0.2603384554386139
2026-01-11,0.1435524374246597,0.5961090326309204,0.2603384554386139
2026-01-12,0.1435524374246597,0.5961090326309204,0.2603384554386139
2026-01-13,0.1435524374246597,0.5961090326309204,0.2603384554386139
2026-01-14,0.1435524374246597,0.5961090326309204,0.2603384554386139
2026-01-15,0.1435524374246597,0.5961090326309204,0.2603384554386139
2026-01-16,0.1435524374246597,0.5961090326309204,0.2603384554386139
2026-01-17,0.1435524374246597,0.5961090326309204,0.2603384554386139
2026-01-18,0.1435524374246597,0.5961090326309204,0.2603384554386139
2026-01-19,0.1435524374246597,0.5961090326309204,0.2603384554386139
2026-01-20,0.1435524374246597,0.5961090326309204,0.2603384554386139
2026-01-21,0.1435524374246597,0.5961090326309204,0.2603384554386139
2026-01-22,0.1241085603833198,0.7926468253135681,0.0832446813583374
2026-01-23,0.1241085603833198,0.7926468253135681,0.0832446813583374
2026-01-24,0.1241085603833198,0.7926468253135681,0.0832446813583374
2026-01-25,0.1241085603833198,0.7926468253135681,0.0832446813583374
2026-01-26,0.2664945721626282,0.5580691695213318,0.1754362434148788
2026-01-27,0.2664945721626282,0.5580691695213318,0.1754362434148788
2026-01-28,0.22710885604222616,0.5173435509204865,0.25554759303728736
2026-01-29,0.22710885604222616,0.5173435509204865,0.25554759303728736
2026-01-30,0.22710885604222616,0.5173435509204865,0.25554759303728736
2026-01-31,0.22710885604222616,0.5173435509204865,0.25554759303728736
2026-02-01,0.22710885604222616,0.5173435509204865,0.25554759303728736
2026-02-02,0.22710885604222616,0.5173435509204865,0.25554759303728736
2026-02-03,0.1108723953366279,0.7224889993667603,0.16663858294487
2026-02-04,0.1108723953366279,0.7224889993667603,0.16663858294487
2026-02-05,0.1108723953366279,0.7224889993667603,0.16663858294487
2026-02-06,0.1108723953366279,0.7224889993667603,0.16663858294487
2026-02-07,0.1108723953366279,0.7224889993667603,0.16663858294487
2026-02-08,0.1108723953366279,0.7224889993667603,0.16663858294487
2026-02-09,0.1796124130487442,0.5599510073661804,0.2604365646839142
2026-02-10,0.1796124130487442,0.5599510073661804,0.2604365646839142
2026-02-11,0.1796124130487442,0.5599510073661804,0.2604365646839142
2026-02-12,0.1796124130487442,0.5599510073661804,0.2604365646839142
2026-02-13,0.1796124130487442,0.5599510073661804,0.2604365646839142
2026-02-14,0.1796124130487442,0.5599510073661804,0.2604365646839142
2026-02-15,0.1796124130487442,0.5599510073661804,0.2604365646839142
2026-02-16,0.076779693365097,0.519515186548233,0.4037051349878311
2026-02-17,0.076779693365097,0.519515186548233,0.4037051349878311
2026-02-18,0.19815507531166074,0.6920220255851746,0.10982291027903554
2026-02-19,0.19815507531166074,0.6920220255851746,0.10982291027903554
2026-02-20,0.196355652064085,0.6145652830600739,0.18907903134822845
2026-02-21,0.196355652064085,0.6145652830600739,0.18907903134822845
2026-02-22,0.196355652064085,0.6145652830600739,0.18907903134822845
2026-02-23,0.196355652064085,0.6145652830600739,0.18907903134822845
2026-02-24,0.196355652064085,0.6145652830600739,0.18907903134822845
2026-02-25,0.196355652064085,0.6145652830600739,0.18907903134822845
2026-02-26,0.196355652064085,0.6145652830600739,0.18907903134822845
2026-02-27,0.196355652064085,0.6145652830600739,0.18907903134822845
2026-02-28,0.196355652064085,0.6145652830600739,0.18907903134822845
2026-03-01,0.196355652064085,0.6145652830600739,0.18907903134822845
2026-03-02,0.196355652064085,0.6145652830600739,0.18907903134822845
2026-03-03,0.196355652064085,0.6145652830600739,0.18907903134822845
2026-03-04,0.196355652064085,0.6145652830600739,0.18907903134822845
2026-03-05,0.196355652064085,0.6145652830600739,0.18907903134822845
2026-03-06,0.196355652064085,0.6145652830600739,0.18907903134822845
2026-03-07,0.196355652064085,0.6145652830600739,0.18907903134822845
2026-03-08,0.196355652064085,0.6145652830600739,0.18907903134822845
2026-03-09,0.196355652064085,0.6145652830600739,0.18907903134822845
2026-03-10,0.196355652064085,0.6145652830600739,0.18907903134822845
2026-03-11,0.196355652064085,0.6145652830600739,0.18907903134822845
2026-03-12,0.196355652064085,0.6145652830600739,0.18907903134822845
2026-03-13,0.196355652064085,0.6145652830600739,0.18907903134822845
2026-03-14,0.196355652064085,0.6145652830600739,0.18907903134822845
2026-03-15,0.196355652064085,0.6145652830600739,0.18907903134822845
2026-03-16,0.196355652064085,0.6145652830600739,0.18907903134822845
2026-03-17,0.196355652064085,0.6145652830600739,0.18907903134822845
2026-03-18,0.196355652064085,0.6145652830600739,0.18907903134822845
2026-03-19,0.196355652064085,0.6145652830600739,0.18907903134822845
2026-03-20,0.196355652064085,0.6145652830600739,0.18907903134822845
2026-03-21,0.196355652064085,0.6145652830600739,0.18907903134822845
2026-03-22,0.196355652064085,0.6145652830600739,0.18907903134822845
2026-03-23,0.196355652064085,0.6145652830600739,0.18907903134822845
2026-03-24,0.196355652064085,0.6145652830600739,0.18907903134822845
2026-03-25,0.196355652064085,0.6145652830600739,0.18907903134822845
2026-03-26,0.196355652064085,0.6145652830600739,0.18907903134822845
2026-03-27,0.196355652064085,0.6145652830600739,0.18907903134822845
2026-03-28,0.196355652064085,0.6145652830600739,0.18907903134822845
2026-03-29,0.196355652064085,0.6145652830600739,0.18907903134822845
2026-03-30,0.196355652064085,0.6145652830600739,0.18907903134822845
2026-03-31,0.196355652064085,0.6145652830600739,0.18907903134822845
2026-04-01,0.196355652064085,0.6145652830600739,0.18907903134822845
2026-04-02,0.196355652064085,0.6145652830600739,0.18907903134822845
2026-04-03,0.196355652064085,0.6145652830600739,0.18907903134822845
2026-04-04,0.196355652064085,0.6145652830600739,0.18907903134822845
2026-04-05,0.196355652064085,0.6145652830600739,0.18907903134822845
2026-04-06,0.0827624499797821,0.4361318051815033,0.4811057448387146
2026-04-07,0.0827624499797821,0.4361318051815033,0.4811057448387146
2026-04-08,0.0827624499797821,0.4361318051815033,0.4811057448387146
2026-04-09,0.0827624499797821,0.4361318051815033,0.4811057448387146
2026-04-10,0.0827624499797821,0.4361318051815033,0.4811057448387146
2026-04-11,0.0827624499797821,0.4361318051815033,0.4811057448387146
2026-04-12,0.0827624499797821,0.4361318051815033,0.4811057448387146
2026-04-13,0.0827624499797821,0.4361318051815033,0.4811057448387146
2026-04-14,0.0827624499797821,0.4361318051815033,0.4811057448387146
2026-04-15,0.0827624499797821,0.4361318051815033,0.4811057448387146
2026-04-16,0.0827624499797821,0.4361318051815033,0.4811057448387146
2026-04-17,0.0827624499797821,0.4361318051815033,0.4811057448387146
2026-04-18,0.0827624499797821,0.4361318051815033,0.4811057448387146
2026-04-19,0.0827624499797821,0.4361318051815033,0.4811057448387146
2026-04-20,0.0827624499797821,0.4361318051815033,0.4811057448387146
2026-04-21,0.0827624499797821,0.4361318051815033,0.4811057448387146
2026-04-22,0.0827624499797821,0.4361318051815033,0.4811057448387146
2026-04-23,0.0827624499797821,0.4361318051815033,0.4811057448387146
2026-04-24,0.0827624499797821,0.4361318051815033,0.4811057448387146
2026-04-25,0.0827624499797821,0.4361318051815033,0.4811057448387146
2026-04-26,0.0827624499797821,0.4361318051815033,0.4811057448387146
2026-04-27,0.0827624499797821,0.4361318051815033,0.4811057448387146
2026-04-28,0.0827624499797821,0.4361318051815033,0.4811057448387146
2026-04-29,0.0827624499797821,0.4361318051815033,0.4811057448387146
2026-04-30,0.0827624499797821,0.4361318051815033,0.4811057448387146
